account_id,customer_id,account_type,account_status,open_date,close_date,current_balance,available_balance,credit_limit,interest_rate,branch_id,officer_id,last_activity_date,first_name,last_name,ssn_hash,date_of_birth,customer_segment,risk_rating,region_code,primary_email,phone_number,acct_age_months,days_inactive,utilization_pct,dormancy_flag,high_balance_flag,snapshot_date,load_timestamp
A00000001,C0000001,CC,A,2011-11-27,,880.19,619.81,1500,0.2009,B015,O0088,2023-11-03,Linda,Lopez,a47401f094a96eef71465948a306129a,1958-08-12,SMB,5,MW,linda.lopez1@example.com,555-943-3892,146,89,58.679333333,N,N,2024-01-31,2026-09-18 19:12:03
A00000002,C0000002,CD,A,2009-08-28,,125956.45,125923.9,0,0.047,B024,O0039,2024-01-27,Thomas,Baker,e8f6ac86478b28d9ff260f354890039e,1999-04-17,PREM,5,NW,thomas.baker2@example.com,555-664-0922,173,4,,N,N,2024-01-31,2026-09-18 19:12:03
A00000003,C0000002,SAV,D,2011-04-16,,715.69,508.06,0,0.0293,B019,O0057,2024-01-29,Thomas,Baker,e8f6ac86478b28d9ff260f354890039e,1999-04-17,PREM,5,NW,thomas.baker2@example.com,555-664-0922,153,2,,N,N,2024-01-31,2026-09-18 19:12:03
A00000004,C0000003,MTG,A,2016-09-08,,360901.23,360731.45,0,0.0625,B032,O0107,2024-01-29,Richard,Carter,94994914e7f58574ead7ccda59c1224c,1974-01-17,RET,5,W,richard.carter3@example.com,555-659-7317,88,2,,N,Y,2024-01-31,2026-09-18 19:12:03
A00000005,C0000003,HELC,A,2011-02-24,,55331.94,194668.06,250000,0.1,B035,O0042,2023-11-18,Richard,Carter,94994914e7f58574ead7ccda59c1224c,1974-01-17,RET,5,W,richard.carter3@example.com,555-659-7317,155,74,22.132776,N,N,2024-01-31,2026-09-18 19:12:03
A00000007,C0000004,CHK,A,2012-12-01,,15972.62,15736.25,0,0.0009,B001,O0019,2023-11-25,Sandra,Baker,da2e6827fd0ce3fb33a70e381ed14a8e,1948-08-21,CORP,5,NW,sandra.baker4@example.com,555-888-7637,133,67,,N,N,2024-01-31,2026-09-18 19:12:03
A00000008,C0000005,CC,A,2011-05-09,,807.31,692.69,1500,0.2481,B033,O0042,2023-06-13,Nancy,Williams,f186d57a02036644811fa843f427edad,1977-04-12,SMB,1,NE,nancy.williams5@example.com,555-641-7536,152,232,53.820666667,N,N,2024-01-31,2026-09-18 19:12:03
A00000009,C0000005,CHK,A,2007-09-21,,12997.97,12938,0,0.0011,B017,O0074,2024-01-18,Nancy,Williams,f186d57a02036644811fa843f427edad,1977-04-12,SMB,1,NE,nancy.williams5@example.com,555-641-7536,196,13,,N,N,2024-01-31,2026-09-18 19:12:03
A00000010,C0000005,MTG,A,2017-06-30,,518416.04,518306.9,0,0.0733,B028,O0081,2023-03-29,Nancy,Williams,f186d57a02036644811fa843f427edad,1977-04-12,SMB,1,NE,nancy.williams5@example.com,555-641-7536,79,308,,N,Y,2024-01-31,2026-09-18 19:12:03
A00000011,C0000006,CC,A,2012-06-17,,2422.58,577.42,3000,0.2329,B046,O0070,2023-05-24,Betty,Roberts,8874781eb973b73895628398d83f2d2d,1960-11-26,PREM,7,NW,betty.roberts6@example.com,555-884-4798,139,252,80.752666667,N,N,2024-01-31,2026-09-18 19:12:03
A00000012,C0000007,AUTO,S,2015-10-14,,7930.09,7842.66,0,0.0791,B015,O0004,2024-01-18,Susan,Robinson,a7b2f2f81f1b3470b5020c1731d0aaa0,1992-01-25,RET,6,SE,susan.robinson7@example.com,555-568-8884,99,13,,N,N,2024-01-31,2026-09-18 19:12:03
A00000013,C0000008,CHK,A,2013-04-28,,3558.15,3479.04,0,0.0011,B048,O0098,2024-01-22,Edward,Scott,f324ba7a1e67e0420f0666ea95ee4cc2,2000-02-06,SMB,4,MW,edward.scott8@example.com,555-603-7214,129,9,,N,N,2024-01-31,2026-09-18 19:12:03
A00000014,C0000009,CC,S,2018-11-24,,1709.08,3290.92,5000,0.2175,B014,O0031,2023-12-02,Daniel,Harris,3e17a6a3bb63589e1a6e7d9e7bc8d361,1989-05-26,PREM,3,MW,daniel.harris9@example.com,555-577-2461,62,60,34.1816,N,N,2024-01-31,2026-09-18 19:12:03
A00000015,C0000010,IRA,A,2022-12-28,,21945.01,21765.25,0,0.0445,B038,O0033,2024-01-20,Margaret,Robinson,ac72b283ffe227251afdae6f507e0846,1991-12-25,SMB,3,SE,margaret.robinson10@example.com,555-444-2603,13,11,,N,N,2024-01-31,2026-09-18 19:12:03
A00000016,C0000011,CD,A,2014-02-25,,15204.96,15110.58,0,0.0469,B032,O0070,2024-01-21,Jessica,Jackson,fb942c61a01179e4e75211dff91684d8,1969-07-15,SMB,2,SW,jessica.jackson11@example.com,555-491-8578,119,10,,N,N,2024-01-31,2026-09-18 19:12:03
A00000017,C0000012,MMA,A,2013-04-26,,31767.72,31613.65,0,0.037,B016,O0102,2024-01-21,Betty,Mitchell,e9845a2b59067aed47b5f58b0a8b0e6c,1948-03-03,RET,1,W,betty.mitchell12@example.com,555-735-9301,129,10,,N,N,2024-01-31,2026-09-18 19:12:03
A00000018,C0000012,CHK,A,2023-04-13,,2366.27,2355.69,0,0.001,B028,O0001,2024-01-18,Betty,Mitchell,e9845a2b59067aed47b5f58b0a8b0e6c,1948-03-03,RET,1,W,betty.mitchell12@example.com,555-735-9301,9,13,,N,N,2024-01-31,2026-09-18 19:12:03
A00000019,C0000012,AUTO,A,2021-01-23,,20812.27,20756.07,0,0.0889,B009,O0059,2023-03-19,Betty,Mitchell,e9845a2b59067aed47b5f58b0a8b0e6c,1948-03-03,RET,1,W,betty.mitchell12@example.com,555-735-9301,36,318,,N,N,2024-01-31,2026-09-18 19:12:03
A00000020,C0000013,SAV,A,2009-02-07,,557.47,460.33,0,0.0359,B039,O0110,2024-01-23,Sandra,Lee,29551d935586cf53113411fa04703c36,1998-06-12,PREM,5,SE,sandra.lee13@example.com,555-551-6070,179,8,,N,N,2024-01-31,2026-09-18 19:12:03
A00000021,C0000013,PERS,A,2015-05-03,,2068.19,1854.76,0,0.1295,B044,O0004,2024-01-25,Sandra,Lee,29551d935586cf53113411fa04703c36,1998-06-12,PREM,5,SE,sandra.lee13@example.com,555-551-6070,104,6,,N,N,2024-01-31,2026-09-18 19:12:03
A00000022,C0000014,CD,A,2017-04-22,,18142.28,18096.04,0,0.0531,B019,O0092,2024-01-23,Kevin,Green,22c3f27432cc23a0b7f4f37b04758273,1969-08-21,CORP,3,NE,kevin.green14@example.com,555-275-0035,81,8,,N,N,2024-01-31,2026-09-18 19:12:03
A00000023,C0000014,MTG,A,2008-10-29,,127409.93,127394.46,0,0.0586,B006,O0120,2024-01-18,Kevin,Green,22c3f27432cc23a0b7f4f37b04758273,1969-08-21,CORP,3,NE,kevin.green14@example.com,555-275-0035,183,13,,N,N,2024-01-31,2026-09-18 19:12:03
A00000024,C0000015,CC,D,2015-11-29,,2651.4,4848.6,7500,0.2409,B024,O0032,2024-01-29,Kenneth,Lopez,2e5a90568650a5e65b5917ae5e65040d,1959-01-07,RET,3,MW,kenneth.lopez15@example.com,555-248-1436,98,2,35.352,N,N,2024-01-31,2026-09-18 19:12:03
A00000025,C0000015,IRA,A,2011-01-10,,11042.98,10936.77,0,0.048,B014,O0056,2023-12-27,Kenneth,Lopez,2e5a90568650a5e65b5917ae5e65040d,1959-01-07,RET,3,MW,kenneth.lopez15@example.com,555-248-1436,156,35,,N,N,2024-01-31,2026-09-18 19:12:03
A00000026,C0000015,MTG,A,2013-07-02,,787669.93,787545.09,0,0.0683,B013,O0020,2024-01-19,Kenneth,Lopez,2e5a90568650a5e65b5917ae5e65040d,1959-01-07,RET,3,MW,kenneth.lopez15@example.com,555-248-1436,126,12,,N,Y,2024-01-31,2026-09-18 19:12:03
A00000027,C0000016,CHK,A,2017-03-20,,511.59,278.94,0,0.0011,B035,O0092,2024-01-23,Lisa,Green,dccc4b704ecbcdf7e69b29a45766cbc2,1951-12-23,RET,2,W,lisa.green16@example.com,555-707-9784,82,8,,N,N,2024-01-31,2026-09-18 19:12:03
A00000028,C0000016,AUTO,A,2020-05-31,,54313.79,54227.72,0,0.0725,B041,O0011,2024-01-27,Lisa,Green,dccc4b704ecbcdf7e69b29a45766cbc2,1951-12-23,RET,2,W,lisa.green16@example.com,555-707-9784,44,4,,N,N,2024-01-31,2026-09-18 19:12:03
A00000029,C0000017,CHK,A,2013-08-25,,72.49,44.45,0,0.001,B017,O0096,2024-01-31,Thomas,Brown,23b4f7677e20fe05aa25c23574056871,1984-07-17,PREM,3,SE,thomas.brown17@example.com,555-648-7046,125,0,,N,N,2024-01-31,2026-09-18 19:12:03
A00000030,C0000017,SAV,D,2021-09-12,,889.92,782.3,0,0.0288,B040,O0073,2024-01-22,Thomas,Brown,23b4f7677e20fe05aa25c23574056871,1984-07-17,PREM,3,SE,thomas.brown17@example.com,555-648-7046,28,9,,N,N,2024-01-31,2026-09-18 19:12:03
A00000031,C0000018,CHK,A,2022-04-04,,98916.75,98716.39,0,0.0009,B023,O0037,2024-01-08,Kevin,Taylor,12452250d84031343ce2bae2d50a9264,1976-01-22,RET,1,MW,kevin.taylor18@example.com,555-489-7815,21,23,,N,N,2024-01-31,2026-09-18 19:12:03
A00000032,C0000018,CHK,A,2010-09-09,,1021.52,772.07,0,0.001,B016,O0028,2024-01-26,Kevin,Taylor,12452250d84031343ce2bae2d50a9264,1976-01-22,RET,1,MW,kevin.taylor18@example.com,555-489-7815,160,5,,N,N,2024-01-31,2026-09-18 19:12:03
A00000033,C0000018,AUTO,A,2015-04-16,,40503.4,40377.49,0,0.0801,B013,O0030,2023-10-06,Kevin,Taylor,12452250d84031343ce2bae2d50a9264,1976-01-22,RET,1,MW,kevin.taylor18@example.com,555-489-7815,105,117,,N,N,2024-01-31,2026-09-18 19:12:03
A00000034,C0000018,SAV,A,2010-11-12,,152004.63,151964.69,0,0.0345,B018,O0101,2024-01-26,Kevin,Taylor,12452250d84031343ce2bae2d50a9264,1976-01-22,RET,1,MW,kevin.taylor18@example.com,555-489-7815,158,5,,N,N,2024-01-31,2026-09-18 19:12:03
A00000035,C0000019,AUTO,A,2016-01-10,,33340.88,33211.35,0,0.0736,B008,O0012,2024-01-22,Michael,Harris,5937cc5b0d8f454d843e6afea09d6d4a,1948-01-22,PB,3,NW,michael.harris19@example.com,555-245-0881,96,9,,N,N,2024-01-31,2026-09-18 19:12:03
A00000036,C0000019,MTG,A,2021-04-04,,309131.92,309121.32,0,0.0609,B014,O0070,2024-01-31,Michael,Harris,5937cc5b0d8f454d843e6afea09d6d4a,1948-01-22,PB,3,NW,michael.harris19@example.com,555-245-0881,33,0,,N,Y,2024-01-31,2026-09-18 19:12:03
A00000037,C0000020,CHK,A,2009-06-03,,3794,3728.3,0,0.0011,B026,O0002,2024-01-18,Mary,Walker,d73f57565c3246a520ec1dd8a8004115,1988-05-10,RET,2,MW,mary.walker20@example.com,555-889-0336,175,13,,N,N,2024-01-31,2026-09-18 19:12:03
A00000038,C0000021,CD,P,2019-07-21,,86741.1,86640.84,0,0.0506,B009,O0094,2024-01-27,Sandra,Taylor,ae3758d2d69a7f5f381e66ff1d8b6089,1963-02-15,RET,6,SE,sandra.taylor21@example.com,555-243-0463,54,4,,N,N,2024-01-31,2026-09-18 19:12:03
A00000039,C0000022,CHK,A,2011-08-15,,2913.01,2836.65,0,0.0009,B019,O0034,2024-01-30,Thomas,Johnson,11ac15f4bb846c9078d70afb49aef2f6,1951-01-13,RET,1,SE,thomas.johnson22@example.com,555-783-3140,149,1,,N,N,2024-01-31,2026-09-18 19:12:03
A00000040,C0000023,CHK,A,2007-11-16,,13036.63,12788.88,0,0.0011,B021,O0071,2023-06-20,Mark,Hernandez,61f56f85e0bbc755ffbf7d42499bbcfa,1992-12-28,RET,2,NE,mark.hernandez23@example.com,555-568-9429,194,225,,N,N,2024-01-31,2026-09-18 19:12:03
A00000041,C0000024,AUTO,S,2014-12-20,,47334.35,47143.58,0,0.0726,B012,O0089,2024-01-28,Sandra,Hall,d5c7be7028f8dbc9c64ceb9a6635ce88,1968-09-11,RET,6,W,sandra.hall24@example.com,555-694-4172,109,3,,N,N,2024-01-31,2026-09-18 19:12:03
A00000042,C0000024,CC,A,2010-10-21,,5639.76,4360.24,10000,0.2182,B017,O0015,2023-10-11,Sandra,Hall,d5c7be7028f8dbc9c64ceb9a6635ce88,1968-09-11,RET,6,W,sandra.hall24@example.com,555-694-4172,159,112,56.3976,N,N,2024-01-31,2026-09-18 19:12:03
A00000043,C0000024,CHK,A,2015-05-02,,1168.46,977.4,0,0.001,B009,O0075,2024-01-27,Sandra,Hall,d5c7be7028f8dbc9c64ceb9a6635ce88,1968-09-11,RET,6,W,sandra.hall24@example.com,555-694-4172,104,4,,N,N,2024-01-31,2026-09-18 19:12:03
A00000044,C0000024,IRA,A,2016-07-05,,210152.84,209982.77,0,0.046,B019,O0041,2023-03-04,Sandra,Hall,d5c7be7028f8dbc9c64ceb9a6635ce88,1968-09-11,RET,6,W,sandra.hall24@example.com,555-694-4172,90,333,,N,N,2024-01-31,2026-09-18 19:12:03
A00000045,C0000025,LOC,P,2011-01-31,,58527.67,41472.33,100000,0.1023,B033,O0038,2024-01-30,Daniel,Smith,8036bd2814280b5800aabf8969c5b262,1999-04-03,RET,4,MW,daniel.smith25@example.com,555-625-4072,156,1,58.52767,N,N,2024-01-31,2026-09-18 19:12:03
A00000046,C0000026,CHK,A,2007-08-10,,5288.84,5188.7,0,0.0009,B009,O0062,2024-01-31,Betty,Green,2b6fff4c29a3cfff753bccd9a060967a,1983-04-26,RET,2,NW,betty.green26@example.com,555-783-1723,197,0,,N,N,2024-01-31,2026-09-18 19:12:03
A00000047,C0000026,MTG,A,2018-12-16,,132118.72,132068.52,0,0.0691,B013,O0008,2024-01-22,Betty,Green,2b6fff4c29a3cfff753bccd9a060967a,1983-04-26,RET,2,NW,betty.green26@example.com,555-783-1723,61,9,,N,N,2024-01-31,2026-09-18 19:12:03
A00000048,C0000026,SAV,A,2019-11-29,,1379.74,1188.58,0,0.0333,B017,O0077,2024-01-25,Betty,Green,2b6fff4c29a3cfff753bccd9a060967a,1983-04-26,RET,2,NW,betty.green26@example.com,555-783-1723,50,6,,N,N,2024-01-31,2026-09-18 19:12:03
A00000049,C0000027,MTG,A,2019-05-07,,542753.55,542652.08,0,0.0684,B040,O0030,2024-01-18,Ronald,Hernandez,53232eb3a2a2f7c364268f9822ed4b01,1973-05-05,PREM,4,SE,ronald.hernandez27@example.com,555-531-4835,56,13,,N,Y,2024-01-31,2026-09-18 19:12:03
A00000050,C0000027,CC,A,2007-03-31,,5052.66,4947.34,10000,0.2337,B015,O0063,2024-01-19,Ronald,Hernandez,53232eb3a2a2f7c364268f9822ed4b01,1973-05-05,PREM,4,SE,ronald.hernandez27@example.com,555-531-4835,202,12,50.5266,N,N,2024-01-31,2026-09-18 19:12:03
A00000051,C0000027,SAV,A,2011-08-23,,2281.94,2047.39,0,0.0361,B012,O0067,2023-10-08,Ronald,Hernandez,53232eb3a2a2f7c364268f9822ed4b01,1973-05-05,PREM,4,SE,ronald.hernandez27@example.com,555-531-4835,149,115,,N,N,2024-01-31,2026-09-18 19:12:03
A00000052,C0000028,AUTO,A,2019-09-11,,32871.53,32704.5,0,0.0886,B018,O0055,2024-01-22,James,Adams,6a6de838879908a58be8489f706bbde2,2002-12-13,PREM,5,NW,james.adams28@example.com,555-424-1770,52,9,,N,N,2024-01-31,2026-09-18 19:12:03
A00000053,C0000028,MTG,A,2011-07-30,,492287.19,492262.18,0,0.0725,B011,O0069,2024-01-18,James,Adams,6a6de838879908a58be8489f706bbde2,2002-12-13,PREM,5,NW,james.adams28@example.com,555-424-1770,150,13,,N,Y,2024-01-31,2026-09-18 19:12:03
A00000054,C0000028,CC,A,2018-04-21,,3865.5,3634.5,7500,0.2309,B047,O0014,2024-01-23,James,Adams,6a6de838879908a58be8489f706bbde2,2002-12-13,PREM,5,NW,james.adams28@example.com,555-424-1770,69,8,51.54,N,N,2024-01-31,2026-09-18 19:12:03
A00000055,C0000029,CC,A,2017-01-07,,5691.97,4308.03,10000,0.2372,B022,O0117,2021-11-29,Sarah,Young,d98562086601522393faf0f4265cc468,2000-08-02,PB,4,NW,sarah.young29@example.com,555-232-6035,84,793,56.9197,Y,N,2024-01-31,2026-09-18 19:12:03
A00000056,C0000030,HELC,R,2020-04-25,,30522.95,44477.05,75000,0.081,B006,O0110,2023-07-08,Robert,Campbell,66972497f4eef7bfa0d96fd6394f658e,1955-11-25,RET,2,NE,robert.campbell30@example.com,555-462-9450,45,207,40.697266667,N,N,2024-01-31,2026-09-18 19:12:03
A00000057,C0000030,CC,A,2017-06-19,,6377.04,8622.96,15000,0.2318,B048,O0041,2024-01-24,Robert,Campbell,66972497f4eef7bfa0d96fd6394f658e,1955-11-25,RET,2,NE,robert.campbell30@example.com,555-462-9450,79,7,42.5136,N,N,2024-01-31,2026-09-18 19:12:03
A00000058,C0000031,CC,A,2009-08-19,,4454.81,5545.19,10000,0.2201,B022,O0063,2024-01-22,Jennifer,Miller,5cf4ff814b2860356166f08d7d277e62,2003-01-01,COMM,5,W,jennifer.miller31@example.com,555-779-3143,173,9,44.5481,N,N,2024-01-31,2026-09-18 19:12:03
A00000059,C0000031,HELC,A,2021-04-10,,40979.73,59020.27,100000,0.0933,B018,O0113,2023-12-19,Jennifer,Miller,5cf4ff814b2860356166f08d7d277e62,2003-01-01,COMM,5,W,jennifer.miller31@example.com,555-779-3143,33,43,40.97973,N,N,2024-01-31,2026-09-18 19:12:03
A00000060,C0000032,CHK,A,2010-02-25,,2118.96,2096.71,0,0.001,B034,O0048,2023-12-24,Richard,Sanchez,97b2da91c1ba71cabd6f3dcaa113065e,1952-10-18,CORP,1,NW,richard.sanchez32@example.com,555-498-6743,167,38,,N,N,2024-01-31,2026-09-18 19:12:03
A00000061,C0000033,CC,A,2017-08-29,,1926.06,5573.94,7500,0.2315,B023,O0094,2024-01-29,Anthony,Rodriguez,a8b397b18f330afaa1c158e98514f89e,2001-01-01,PREM,2,SW,anthony.rodriguez33@example.com,555-634-3181,77,2,25.6808,N,N,2024-01-31,2026-09-18 19:12:03
A00000062,C0000034,MMA,A,2022-01-30,,89450.2,89234.35,0,0.0368,B024,O0019,2024-01-18,Susan,Carter,429c6f6789fae01f7208a1421bffc898,1961-06-16,RET,4,SE,susan.carter34@example.com,555-325-2865,24,13,,N,N,2024-01-31,2026-09-18 19:12:03
A00000063,C0000034,MTG,A,2020-02-14,,502286.75,502056.31,0,0.0719,B024,O0060,2024-01-21,Susan,Carter,429c6f6789fae01f7208a1421bffc898,1961-06-16,RET,4,SE,susan.carter34@example.com,555-325-2865,47,10,,N,Y,2024-01-31,2026-09-18 19:12:03
A00000064,C0000034,IRA,A,2023-11-29,,29272.95,29169.61,0,0.0429,B015,O0031,2024-01-24,Susan,Carter,429c6f6789fae01f7208a1421bffc898,1961-06-16,RET,4,SE,susan.carter34@example.com,555-325-2865,2,7,,N,N,2024-01-31,2026-09-18 19:12:03
A00000065,C0000035,CHK,A,2015-12-03,,2758.31,2592.08,0,0.001,B003,O0013,2024-01-20,Margaret,Martinez,878f51193b1e978dab8e3588436bc52b,1962-11-29,RET,4,SE,margaret.martinez35@example.com,555-302-1411,97,11,,N,N,2024-01-31,2026-09-18 19:12:03
A00000066,C0000036,MTG,A,2010-06-09,,798090.77,797852.69,0,0.0697,B046,O0018,2021-11-20,John,Flores,649c40151e00b41609d3283f98723c91,1969-01-26,RET,6,SE,john.flores36@example.com,555-479-8366,163,802,,Y,Y,2024-01-31,2026-09-18 19:12:03
A00000067,C0000036,AUTO,A,2010-01-23,,40771.05,40703.34,0,0.0793,B019,O0014,2024-01-23,John,Flores,649c40151e00b41609d3283f98723c91,1969-01-26,RET,6,SE,john.flores36@example.com,555-479-8366,168,8,,N,N,2024-01-31,2026-09-18 19:12:03
A00000068,C0000036,CHK,A,2019-09-20,,14053.53,13925.23,0,0.001,B015,O0057,2024-01-21,John,Flores,649c40151e00b41609d3283f98723c91,1969-01-26,RET,6,SE,john.flores36@example.com,555-479-8366,52,10,,N,N,2024-01-31,2026-09-18 19:12:03
A00000069,C0000037,SAV,A,2014-06-17,,5664.88,5617.06,0,0.0313,B027,O0027,2023-10-08,Anthony,Scott,c1ab2614277d61049d8532c711b3141b,1949-08-15,SMB,4,NE,anthony.scott37@example.com,555-239-2287,115,115,,N,N,2024-01-31,2026-09-18 19:12:03
A00000070,C0000038,CC,A,2020-07-25,,6153.71,3846.29,10000,0.2292,B038,O0030,2024-01-19,Barbara,Johnson,9f414f0826f074813effe875321bfb27,1978-09-17,SMB,4,NW,barbara.johnson38@example.com,555-247-5033,42,12,61.5371,N,N,2024-01-31,2026-09-18 19:12:03
A00000071,C0000039,AUTO,A,2012-09-08,,30010.29,29951.6,0,0.0888,B047,O0015,2023-08-16,Emily,Nguyen,f36d6d526ebd296e888bc6a9b3b5a4f1,1982-02-11,RET,4,SW,emily.nguyen39@example.com,555-239-7096,136,168,,N,N,2024-01-31,2026-09-18 19:12:03
A00000072,C0000040,MTG,D,2008-03-12,,392924.86,392912.88,0,0.065,B012,O0109,2023-11-12,Thomas,Lee,7bd044d3fb23d60b8306595f39c10c5f,1968-11-14,PB,7,W,thomas.lee40@example.com,555-674-9846,190,80,,N,Y,2024-01-31,2026-09-18 19:12:03
A00000074,C0000041,CHK,F,2020-05-23,,33687.82,33610.14,0,0.0011,B009,O0119,2024-01-22,Amanda,Green,606d982e9a3e278be6dac06cd653d94e,1992-10-13,RET,2,SE,amanda.green41@example.com,555-577-8060,44,9,,N,N,2024-01-31,2026-09-18 19:12:03
A00000075,C0000041,CD,A,2018-01-09,,42916.44,42751.74,0,0.0452,B002,O0109,2023-12-28,Amanda,Green,606d982e9a3e278be6dac06cd653d94e,1992-10-13,RET,2,SE,amanda.green41@example.com,555-577-8060,72,34,,N,N,2024-01-31,2026-09-18 19:12:03
A00000076,C0000042,AUTO,A,2019-09-15,,44212.93,44165.35,0,0.0886,B030,O0118,2024-01-23,Deborah,Wilson,e5b23171e4efcb800e22a4a34f8e807a,1963-06-12,RET,3,NW,deborah.wilson42@example.com,555-667-9918,52,8,,N,N,2024-01-31,2026-09-18 19:12:03
A00000077,C0000042,IRA,A,2010-06-15,,79624.67,79573.72,0,0.0443,B043,O0096,2024-01-30,Deborah,Wilson,e5b23171e4efcb800e22a4a34f8e807a,1963-06-12,RET,3,NW,deborah.wilson42@example.com,555-667-9918,163,1,,N,N,2024-01-31,2026-09-18 19:12:03
A00000078,C0000043,MTG,S,2020-09-05,,331139.4,331086.73,0,0.0679,B001,O0088,2024-01-27,Daniel,Jackson,f9971471ea41294c9fbde5fb44f3437e,1998-10-28,RET,5,NW,daniel.jackson43@example.com,555-849-6759,40,4,,N,Y,2024-01-31,2026-09-18 19:12:03
A00000079,C0000043,CC,A,2018-06-27,,1805.68,5694.32,7500,0.2027,B003,O0045,2024-01-21,Daniel,Jackson,f9971471ea41294c9fbde5fb44f3437e,1998-10-28,RET,5,NW,daniel.jackson43@example.com,555-849-6759,67,10,24.075733333,N,N,2024-01-31,2026-09-18 19:12:03
A00000080,C0000044,SAV,A,2014-09-16,,3283.33,3269.35,0,0.0314,B025,O0048,2023-10-16,Dorothy,Garcia,e3c590c1936d051cc4e9f5d58b207f83,1966-03-22,RET,4,NW,dorothy.garcia44@example.com,555-483-5338,112,107,,N,N,2024-01-31,2026-09-18 19:12:03
A00000081,C0000045,SAV,A,2020-03-28,,2771.61,2739.66,0,0.0363,B024,O0095,2024-01-25,Betty,Nelson,7218efa30c018215f403c7ec7f0c2249,1970-04-22,SMB,1,W,betty.nelson45@example.com,555-722-9767,46,6,,N,N,2024-01-31,2026-09-18 19:12:03
A00000082,C0000045,CHK,A,2007-07-11,,941.93,774.25,0,0.0009,B018,O0002,2023-10-07,Betty,Nelson,7218efa30c018215f403c7ec7f0c2249,1970-04-22,SMB,1,W,betty.nelson45@example.com,555-722-9767,198,116,,N,N,2024-01-31,2026-09-18 19:12:03
A00000083,C0000045,CHK,A,2018-02-25,,4162.21,3969.93,0,0.001,B022,O0111,2024-01-17,Betty,Nelson,7218efa30c018215f403c7ec7f0c2249,1970-04-22,SMB,1,W,betty.nelson45@example.com,555-722-9767,71,14,,N,N,2024-01-31,2026-09-18 19:12:03
A00000084,C0000045,AUTO,A,2018-09-16,,28981.25,28786.81,0,0.0779,B004,O0100,2024-01-26,Betty,Nelson,7218efa30c018215f403c7ec7f0c2249,1970-04-22,SMB,1,W,betty.nelson45@example.com,555-722-9767,64,5,,N,N,2024-01-31,2026-09-18 19:12:03
A00000085,C0000046,HELC,A,2018-06-27,,135572.14,114427.86,250000,0.0974,B023,O0014,2024-01-19,Jessica,Harris,b4f50eac3f13acbc3338cc7d6eb40fb4,1992-07-02,RET,2,SW,jessica.harris46@example.com,555-643-6767,67,12,54.228856,N,N,2024-01-31,2026-09-18 19:12:03
A00000087,C0000048,CD,A,2012-12-15,,460447.64,460229.03,0,0.0524,B031,O0043,2024-01-25,Jennifer,White,996b8e65a8f46ef23f701fee1762b504,1996-01-12,PREM,4,W,jennifer.white48@example.com,555-369-0125,133,6,,N,Y,2024-01-31,2026-09-18 19:12:03
A00000088,C0000048,CC,A,2010-01-03,,9516.91,5483.09,15000,0.2407,B010,O0087,2023-12-18,Jennifer,White,996b8e65a8f46ef23f701fee1762b504,1996-01-12,PREM,4,W,jennifer.white48@example.com,555-369-0125,168,44,63.446066667,N,N,2024-01-31,2026-09-18 19:12:03
A00000089,C0000049,AUTO,A,2012-01-14,,6199.63,6062.9,0,0.0815,B044,O0099,2024-01-31,Kenneth,Taylor,7ab5ccc5aeb8be57b8b34af0b01756b4,1984-09-21,RET,2,NE,kenneth.taylor49@example.com,555-420-9995,144,0,,N,N,2024-01-31,2026-09-18 19:12:03
A00000090,C0000049,SAV,P,2011-08-06,,3623.04,3425.68,0,0.0356,B037,O0041,2024-01-26,Kenneth,Taylor,7ab5ccc5aeb8be57b8b34af0b01756b4,1984-09-21,RET,2,NE,kenneth.taylor49@example.com,555-420-9995,149,5,,N,N,2024-01-31,2026-09-18 19:12:03
A00000091,C0000050,LOC,R,2020-03-20,,20998.61,29001.39,50000,0.1257,B031,O0032,2024-01-31,Michael,Jackson,5520c0a09a808bcf06982a1a9addc5ae,1959-11-14,RET,5,SE,michael.jackson50@example.com,555-821-6499,46,0,41.99722,N,N,2024-01-31,2026-09-18 19:12:03
A00000092,C0000050,AUTO,A,2019-12-04,,28524.01,28407.08,0,0.0746,B022,O0100,2024-01-19,Michael,Jackson,5520c0a09a808bcf06982a1a9addc5ae,1959-11-14,RET,5,SE,michael.jackson50@example.com,555-821-6499,49,12,,N,N,2024-01-31,2026-09-18 19:12:03
A00000093,C0000051,SAV,A,2012-05-12,,-247.24,0,0,0.033,B038,O0109,2024-01-28,Dorothy,King,82703eac8ad6410dc07d11e241f5d61c,1967-11-26,PB,3,NE,dorothy.king51@example.com,555-237-0285,140,3,,N,N,2024-01-31,2026-09-18 19:12:03
A00000094,C0000051,SAV,A,2022-05-05,,24262.7,24128.31,0,0.0334,B042,O0072,2023-08-19,Dorothy,King,82703eac8ad6410dc07d11e241f5d61c,1967-11-26,PB,3,NE,dorothy.king51@example.com,555-237-0285,20,165,,N,N,2024-01-31,2026-09-18 19:12:03
A00000095,C0000052,CC,A,2018-03-04,,2259.69,7740.31,10000,0.2175,B026,O0102,2024-01-27,Mark,Moore,ff14cbe76d770da1d0c836451c59f2eb,1993-02-12,PB,1,MW,mark.moore52@example.com,555-548-5764,70,4,22.5969,N,N,2024-01-31,2026-09-18 19:12:03
A00000096,C0000052,CD,P,2011-11-20,,38013.84,37811.91,0,0.0443,B018,O0027,2024-01-23,Mark,Moore,ff14cbe76d770da1d0c836451c59f2eb,1993-02-12,PB,1,MW,mark.moore52@example.com,555-548-5764,146,8,,N,N,2024-01-31,2026-09-18 19:12:03
A00000097,C0000053,LOC,A,2007-04-18,,10717.83,39282.17,50000,0.1252,B011,O0075,2024-01-25,Jessica,Ramirez,a58971c1ead1b1fff0aafd80cc695443,1988-06-28,PB,,NE,jessica.ramirez53@example.com,555-636-1821,201,6,21.43566,N,N,2024-01-31,2026-09-18 19:12:03
A00000098,C0000053,CHK,A,2017-07-01,,3377.99,3277.06,0,0.0009,B007,O0057,2024-01-31,Jessica,Ramirez,a58971c1ead1b1fff0aafd80cc695443,1988-06-28,PB,,NE,jessica.ramirez53@example.com,555-636-1821,78,0,,N,N,2024-01-31,2026-09-18 19:12:03
A00000099,C0000053,CC,A,2015-12-03,,803.24,4196.76,5000,0.241,B007,O0106,2024-01-21,Jessica,Ramirez,a58971c1ead1b1fff0aafd80cc695443,1988-06-28,PB,,NE,jessica.ramirez53@example.com,555-636-1821,97,10,16.0648,N,N,2024-01-31,2026-09-18 19:12:03
A00000100,C0000054,PERS,D,2010-08-19,,23084.66,23063.3,0,0.1388,B034,O0036,2024-01-18,David,Brown,9f79f368aeeb4e50b7ae4250c7393583,1979-11-13,RET,3,SE,david.brown54@example.com,555-948-7302,161,13,,N,N,2024-01-31,2026-09-18 19:12:03
A00000101,C0000054,MMA,A,2015-03-13,,11110.98,10978.84,0,0.0397,B008,O0029,2022-10-16,David,Brown,9f79f368aeeb4e50b7ae4250c7393583,1979-11-13,RET,3,SE,david.brown54@example.com,555-948-7302,106,472,,Y,N,2024-01-31,2026-09-18 19:12:03
A00000102,C0000055,IRA,A,2013-02-14,,15029.54,14962.36,0,0.0434,B045,O0015,2024-01-29,Robert,Adams,393cb6696e8ee497a6e47b40d8646603,1994-12-19,PREM,2,MW,robert.adams55@example.com,555-816-3419,131,2,,N,N,2024-01-31,2026-09-18 19:12:03
A00000103,C0000055,HELC,A,2013-04-26,,7364.43,42635.57,50000,0.0888,B018,O0055,2023-11-30,Robert,Adams,393cb6696e8ee497a6e47b40d8646603,1994-12-19,PREM,2,MW,robert.adams55@example.com,555-816-3419,129,62,14.72886,N,N,2024-01-31,2026-09-18 19:12:03
A00000104,C0000056,CC,A,2014-07-21,,2832.19,7167.81,10000,0.2186,B006,O0110,2024-01-28,Andrew,Thomas,07834bad144c84ab1d34063d24269a3c,1962-01-05,PREM,1,SW,andrew.thomas56@example.com,555-589-1622,114,3,28.3219,N,N,2024-01-31,2026-09-18 19:12:03
A00000105,C0000057,HELC,A,2011-01-01,,28830.72,121169.28,150000,0.0939,B047,O0110,2023-08-27,Jennifer,White,3e4cfe10e1ce77ea7f6daa2dd09c1f57,1960-08-13,PREM,2,NE,jennifer.white57@example.com,555-877-2801,156,157,19.22048,N,N,2024-01-31,2026-09-18 19:12:03
A00000106,C0000057,CHK,A,2012-06-11,,3578.56,3505.71,0,0.001,B014,O0042,2024-01-31,Jennifer,White,3e4cfe10e1ce77ea7f6daa2dd09c1f57,1960-08-13,PREM,2,NE,jennifer.white57@example.com,555-877-2801,139,0,,N,N,2024-01-31,2026-09-18 19:12:03
A00000107,C0000058,SAV,A,2013-08-12,,15546.84,15309.33,0,0.0335,B012,O0064,2024-01-18,Sarah,Torres,6ab0a327656eb880a8997065ff9291e9,1947-10-02,PREM,1,W,sarah.torres58@example.com,555-462-2723,125,13,,N,N,2024-01-31,2026-09-18 19:12:03
A00000108,C0000058,CC,A,2016-01-07,,5293.37,9706.63,15000,0.2164,B038,O0083,2023-06-24,Sarah,Torres,6ab0a327656eb880a8997065ff9291e9,1947-10-02,PREM,1,W,sarah.torres58@example.com,555-462-2723,96,221,35.289133333,N,N,2024-01-31,2026-09-18 19:12:03
A00000109,C0000058,AUTO,A,2007-06-01,,46732.36,46635.31,0,0.0874,B017,O0069,2024-01-24,Sarah,Torres,6ab0a327656eb880a8997065ff9291e9,1947-10-02,PREM,1,W,sarah.torres58@example.com,555-462-2723,199,7,,N,N,2024-01-31,2026-09-18 19:12:03
A00000110,C0000059,CC,A,2016-06-06,,5025.19,0,5000,0.2049,B014,O0092,2024-01-20,Kenneth,Allen,2fe6082a382f34447770d1ec550e31dc,1981-10-20,PB,,SE,kenneth.allen59@example.com,555-762-1983,91,11,100.5038,N,N,2024-01-31,2026-09-18 19:12:03
A00000111,C0000059,CC,A,2020-10-04,,6877.08,18122.92,25000,0.2434,B034,O0091,2024-01-27,Kenneth,Allen,2fe6082a382f34447770d1ec550e31dc,1981-10-20,PB,,SE,kenneth.allen59@example.com,555-762-1983,39,4,27.50832,N,N,2024-01-31,2026-09-18 19:12:03
A00000112,C0000060,CC,A,2023-03-27,,707.96,792.04,1500,0.2028,B039,O0022,2023-10-16,Patricia,Nelson,ffd144de47741e4d3ecc9ad7bbc38326,1968-04-01,PREM,6,SW,patricia.nelson60@example.com,555-774-4416,10,107,47.197333333,N,N,2024-01-31,2026-09-18 19:12:03
A00000113,C0000061,CHK,A,2009-09-13,,12229.89,12063.47,0,0.001,B009,O0113,2024-01-26,Sandra,Garcia,8fbd1d33e7990813e456171979b3afc7,1999-03-28,RET,1,SW,sandra.garcia61@example.com,555-579-4315,172,5,,N,N,2024-01-31,2026-09-18 19:12:03
A00000114,C0000062,CHK,A,2009-06-20,,3347.8,3239.63,0,0.0009,B003,O0112,2024-01-24,James,Hill,7714283701187c87dcec412ccf6a1663,1946-07-30,RET,3,SW,james.hill62@example.com,555-500-8644,175,7,,N,N,2024-01-31,2026-09-18 19:12:03
A00000115,C0000062,SAV,A,2008-05-20,,3550.14,3491.19,0,0.0293,B002,O0101,2024-01-25,James,Hill,7714283701187c87dcec412ccf6a1663,1946-07-30,RET,3,SW,james.hill62@example.com,555-500-8644,188,6,,N,N,2024-01-31,2026-09-18 19:12:03
A00000117,C0000064,CHK,A,2011-01-08,,37035.6,36796.92,0,0.0009,B031,O0119,2024-01-23,Nancy,Walker,82bee5063d14de673e86f6b144d384a6,1945-10-09,RET,3,MW,nancy.walker64@example.com,555-282-8909,156,8,,N,N,2024-01-31,2026-09-18 19:12:03
A00000118,C0000065,SAV,A,2020-03-26,,241343.07,241333.16,0,0.0345,B040,O0021,2023-12-13,Daniel,Lopez,49230120b899ac51a30875d3001f4464,1955-02-27,RET,3,SE,daniel.lopez65@example.com,555-359-6567,46,49,,N,N,2024-01-31,2026-09-18 19:12:03
A00000119,C0000065,CD,A,2019-05-10,,147892.5,147767.43,0,0.0472,B015,O0071,2024-01-25,Daniel,Lopez,49230120b899ac51a30875d3001f4464,1955-02-27,RET,3,SE,daniel.lopez65@example.com,555-359-6567,56,6,,N,N,2024-01-31,2026-09-18 19:12:03
A00000120,C0000065,SAV,A,2022-08-10,,1293.6,1177.38,0,0.0342,B044,O0083,2024-01-23,Daniel,Lopez,49230120b899ac51a30875d3001f4464,1955-02-27,RET,3,SE,daniel.lopez65@example.com,555-359-6567,17,8,,N,N,2024-01-31,2026-09-18 19:12:03
A00000121,C0000066,CC,A,2018-06-26,,3037.79,0,3000,0.1995,B024,O0106,2023-12-13,Richard,Davis,8c23368ae2659d17640e48d0ca19d9e7,1949-11-24,RET,4,SE,richard.davis66@example.com,555-825-7679,67,49,101.25966667,N,N,2024-01-31,2026-09-18 19:12:03
A00000122,C0000067,CC,R,2020-05-27,,7492.16,2507.84,10000,0.238,B020,O0046,2024-01-21,Emily,Ramirez,e982e5c837d5e34597f012db65e9e151,1948-01-30,RET,3,SW,emily.ramirez67@example.com,555-218-7871,44,10,74.9216,N,N,2024-01-31,2026-09-18 19:12:03
A00000123,C0000067,CC,A,2022-03-19,,4021.72,3478.28,7500,0.211,B009,O0023,2024-01-22,Emily,Ramirez,e982e5c837d5e34597f012db65e9e151,1948-01-30,RET,3,SW,emily.ramirez67@example.com,555-218-7871,22,9,53.622933333,N,N,2024-01-31,2026-09-18 19:12:03
A00000124,C0000067,AUTO,A,2022-04-14,,16953.65,16728.04,0,0.0884,B029,O0120,2024-01-25,Emily,Ramirez,e982e5c837d5e34597f012db65e9e151,1948-01-30,RET,3,SW,emily.ramirez67@example.com,555-218-7871,21,6,,N,N,2024-01-31,2026-09-18 19:12:03
A00000125,C0000068,MMA,A,2021-06-30,,60158.99,60104.65,0,0.0371,B003,O0099,2024-01-17,Anthony,Torres,dbd6c1fe38df3a8ee80c107331df7d4b,1947-01-31,PREM,1,NW,anthony.torres68@example.com,555-352-3659,31,14,,N,N,2024-01-31,2026-09-18 19:12:03
A00000126,C0000069,AUTO,F,2010-02-18,,4597.41,4381.4,0,0.0706,B028,O0092,2023-12-24,John,Perez,f00a9e7b211ba5aea0dbc562a3caea01,1991-11-25,RET,3,W,john.perez69@example.com,555-975-4339,167,38,,N,N,2024-01-31,2026-09-18 19:12:03
A00000127,C0000069,CHK,D,2013-11-13,,93.17,64.59,0,0.0011,B036,O0109,2023-03-27,John,Perez,f00a9e7b211ba5aea0dbc562a3caea01,1991-11-25,RET,3,W,john.perez69@example.com,555-975-4339,122,310,,N,N,2024-01-31,2026-09-18 19:12:03
A00000128,C0000070,CHK,A,2011-05-17,,7631.36,7525.66,0,0.001,B033,O0105,2024-01-24,Ronald,Lewis,dfbf8ebb36b2fb1eec25e94c7027cbed,1964-02-17,SMB,1,MW,ronald.lewis70@example.com,555-683-3633,152,7,,N,N,2024-01-31,2026-09-18 19:12:03
A00000129,C0000070,MTG,A,2016-07-04,,392936.03,392915.79,0,0.0663,B028,O0029,2023-11-14,Ronald,Lewis,dfbf8ebb36b2fb1eec25e94c7027cbed,1964-02-17,SMB,1,MW,ronald.lewis70@example.com,555-683-3633,90,78,,N,Y,2024-01-31,2026-09-18 19:12:03
A00000130,C0000071,MTG,A,2013-09-18,,492263.78,492078.84,0,0.0652,B035,O0053,2023-11-26,Donald,Nguyen,f3c54f1a23626f19aafd0b25bc9b5fc5,1972-10-21,RET,2,NW,donald.nguyen71@example.com,555-632-5434,124,66,,N,Y,2024-01-31,2026-09-18 19:12:03
A00000132,C0000071,CHK,A,2020-02-24,,6682.73,6565.46,0,0.0011,B045,O0053,2024-01-26,Donald,Nguyen,f3c54f1a23626f19aafd0b25bc9b5fc5,1972-10-21,RET,2,NW,donald.nguyen71@example.com,555-632-5434,47,5,,N,N,2024-01-31,2026-09-18 19:12:03
A00000133,C0000071,CHK,A,2016-11-10,,741.69,588.93,0,0.001,B047,O0072,2023-11-28,Donald,Nguyen,f3c54f1a23626f19aafd0b25bc9b5fc5,1972-10-21,RET,2,NW,donald.nguyen71@example.com,555-632-5434,86,64,,N,N,2024-01-31,2026-09-18 19:12:03
A00000134,C0000072,CC,A,2019-06-19,,6329.91,8670.09,15000,0.2433,B039,O0027,2023-10-29,William,Brown,a79420a5e2a9e13d44d08c39716ce862,1989-04-02,SMB,2,NE,william.brown72@example.com,555-772-3235,55,94,42.1994,N,N,2024-01-31,2026-09-18 19:12:03
A00000135,C0000072,CC,A,2010-07-02,,2680.14,4819.86,7500,0.2207,B006,O0029,2023-02-22,William,Brown,a79420a5e2a9e13d44d08c39716ce862,1989-04-02,SMB,2,NE,william.brown72@example.com,555-772-3235,162,343,35.7352,N,N,2024-01-31,2026-09-18 19:12:03
A00000136,C0000073,CHK,A,2021-04-10,,1803.71,1559.18,0,0.001,B045,O0016,2023-12-16,Jessica,Mitchell,f3f0c2c58eb7122350a4ec8bfcb3c7b6,1948-06-22,RET,5,SE,jessica.mitchell73@example.com,555-300-8451,33,46,,N,N,2024-01-31,2026-09-18 19:12:03
A00000137,C0000073,CD,A,2007-06-02,,36028.71,35922.38,0,0.0525,B021,O0087,2024-01-21,Jessica,Mitchell,f3f0c2c58eb7122350a4ec8bfcb3c7b6,1948-06-22,RET,5,SE,jessica.mitchell73@example.com,555-300-8451,199,10,,N,N,2024-01-31,2026-09-18 19:12:03
A00000138,C0000073,CD,A,2017-09-29,,40862.06,40844.65,0,0.0511,B032,O0050,2024-01-18,Jessica,Mitchell,f3f0c2c58eb7122350a4ec8bfcb3c7b6,1948-06-22,RET,5,SE,jessica.mitchell73@example.com,555-300-8451,76,13,,N,N,2024-01-31,2026-09-18 19:12:03
A00000139,C0000074,MTG,A,2014-04-25,,724499.76,724263.41,0,0.0639,B012,O0036,2024-01-25,Michelle,Roberts,d54aa2543c9255490634ae2ad90cd21d,1983-07-29,RET,1,W,michelle.roberts74@example.com,555-646-3906,117,6,,N,Y,2024-01-31,2026-09-18 19:12:03
A00000140,C0000075,CD,D,2014-07-14,,65788.01,65745.95,0,0.0436,B043,O0007,2024-01-29,Daniel,Martin,be42aff7df8fd3052f06a292ea42d7cc,1950-11-11,PREM,4,MW,daniel.martin75@example.com,555-830-8976,114,2,,N,N,2024-01-31,2026-09-18 19:12:03
A00000141,C0000075,SAV,A,2020-02-06,,-500.69,0,0,0.0356,B037,O0095,2024-01-31,Daniel,Martin,be42aff7df8fd3052f06a292ea42d7cc,1950-11-11,PREM,4,MW,daniel.martin75@example.com,555-830-8976,47,0,,N,N,2024-01-31,2026-09-18 19:12:03
A00000142,C0000076,CHK,A,2011-11-01,,1624.52,1406.98,0,0.001,B014,O0017,2024-01-27,Dorothy,Williams,a23c66adda0e60f5407bac930513c7e0,1947-12-30,RET,3,MW,dorothy.williams76@example.com,555-281-7180,146,4,,N,N,2024-01-31,2026-09-18 19:12:03
A00000143,C0000076,MMA,A,2019-05-28,,14659.06,14474.97,0,0.0401,B027,O0088,2024-01-23,Dorothy,Williams,a23c66adda0e60f5407bac930513c7e0,1947-12-30,RET,3,MW,dorothy.williams76@example.com,555-281-7180,56,8,,N,N,2024-01-31,2026-09-18 19:12:03
A00000144,C0000077,IRA,A,2007-11-11,,21539.45,21334.7,0,0.0415,B033,O0080,2023-12-29,Brian,Smith,d2cd90024fcd90eeb8cd2e71c565aad0,1984-02-01,RET,4,NW,brian.smith77@example.com,555-562-7490,194,33,,N,N,2024-01-31,2026-09-18 19:12:03
A00000145,C0000077,CC,A,2014-05-23,,2510.92,4989.08,7500,0.2349,B002,O0013,2024-01-19,Brian,Smith,d2cd90024fcd90eeb8cd2e71c565aad0,1984-02-01,RET,4,NW,brian.smith77@example.com,555-562-7490,116,12,33.478933333,N,N,2024-01-31,2026-09-18 19:12:03
A00000146,C0000078,CHK,A,2008-12-20,,2667.92,2421.64,0,0.0009,B017,O0069,2024-01-22,Robert,White,9b1e248b7f66ec588b2818248534f13b,1961-11-19,RET,3,W,robert.white78@example.com,555-520-3777,181,9,,N,N,2024-01-31,2026-09-18 19:12:03
A00000147,C0000078,SAV,A,2012-04-12,,7273.38,7124.53,0,0.0311,B021,O0061,2024-01-19,Robert,White,9b1e248b7f66ec588b2818248534f13b,1961-11-19,RET,3,W,robert.white78@example.com,555-520-3777,141,12,,N,N,2024-01-31,2026-09-18 19:12:03
A00000148,C0000078,CHK,A,2014-11-18,,782.37,678.59,0,0.0009,B017,O0041,2024-01-27,Robert,White,9b1e248b7f66ec588b2818248534f13b,1961-11-19,RET,3,W,robert.white78@example.com,555-520-3777,110,4,,N,N,2024-01-31,2026-09-18 19:12:03
A00000149,C0000079,CHK,D,2019-11-19,,1614.48,1607.27,0,0.001,B022,O0107,2024-01-30,Margaret,Gonzalez,f6c655f89bd3595de71516b1bdfeea32,1964-06-27,PREM,2,SE,margaret.gonzalez79@example.com,555-355-5419,50,1,,N,N,2024-01-31,2026-09-18 19:12:03
A00000150,C0000079,LOC,D,2010-04-18,,11522.37,13477.63,25000,0.1048,B010,O0028,2023-08-15,Margaret,Gonzalez,f6c655f89bd3595de71516b1bdfeea32,1964-06-27,PREM,2,SE,margaret.gonzalez79@example.com,555-355-5419,165,169,46.08948,N,N,2024-01-31,2026-09-18 19:12:03
A00000151,C0000080,MTG,D,2012-05-04,,270172.44,270171.78,0,0.0704,B009,O0116,2024-01-17,Kimberly,Hall,2db6f03a056dcf59999d87c0351db68f,1953-07-18,PREM,6,NW,kimberly.hall80@example.com,555-786-0348,140,14,,N,Y,2024-01-31,2026-09-18 19:12:03
A00000152,C0000080,SAV,A,2017-12-11,,2202.79,2030.29,0,0.0296,B035,O0045,2023-02-11,Kimberly,Hall,2db6f03a056dcf59999d87c0351db68f,1953-07-18,PREM,6,NW,kimberly.hall80@example.com,555-786-0348,73,354,,N,N,2024-01-31,2026-09-18 19:12:03
A00000153,C0000080,SAV,A,2017-12-15,,765.58,537.78,0,0.0345,B016,O0071,2024-01-25,Kimberly,Hall,2db6f03a056dcf59999d87c0351db68f,1953-07-18,PREM,6,NW,kimberly.hall80@example.com,555-786-0348,73,6,,N,N,2024-01-31,2026-09-18 19:12:03
A00000154,C0000080,CHK,A,2008-03-05,,404.37,374.9,0,0.001,B042,O0061,2024-01-29,Kimberly,Hall,2db6f03a056dcf59999d87c0351db68f,1953-07-18,PREM,6,NW,kimberly.hall80@example.com,555-786-0348,190,2,,N,N,2024-01-31,2026-09-18 19:12:03
A00000155,C0000081,SAV,F,2019-03-13,,3928.91,3746.42,0,0.0354,B006,O0015,2024-01-29,Ronald,Davis,0220c7b9ec5aca5e94707622c9869bbf,2002-02-04,SMB,3,W,ronald.davis81@example.com,555-387-3562,58,2,,N,N,2024-01-31,2026-09-18 19:12:03
A00000156,C0000081,AUTO,A,2020-02-11,,55884.52,55871.12,0,0.0746,B023,O0087,2023-12-22,Ronald,Davis,0220c7b9ec5aca5e94707622c9869bbf,2002-02-04,SMB,3,W,ronald.davis81@example.com,555-387-3562,47,40,,N,N,2024-01-31,2026-09-18 19:12:03
A00000157,C0000082,CC,A,2018-11-24,,37.88,1462.12,1500,0.2484,B043,O0092,2024-01-25,Mary,Torres,3f83282ee1613d5982864debaa533b53,1991-08-16,RET,1,MW,mary.torres82@example.com,555-300-9878,62,6,2.5253333333,N,N,2024-01-31,2026-09-18 19:12:03
A00000158,C0000082,CD,S,2023-02-15,,237975.43,237875.97,0,0.0518,B035,O0045,2023-11-20,Mary,Torres,3f83282ee1613d5982864debaa533b53,1991-08-16,RET,1,MW,mary.torres82@example.com,555-300-9878,11,72,,N,N,2024-01-31,2026-09-18 19:12:03
A00000159,C0000082,SAV,A,2009-09-11,,-1812.97,0,0,0.0318,B007,O0077,2024-01-18,Mary,Torres,3f83282ee1613d5982864debaa533b53,1991-08-16,RET,1,MW,mary.torres82@example.com,555-300-9878,172,13,,N,N,2024-01-31,2026-09-18 19:12:03
A00000160,C0000083,CHK,A,2016-09-09,,15339.03,15091.83,0,0.0009,B005,O0087,2024-01-22,Joseph,Miller,3cad33b4782e791cdee42a56f07879b2,1987-06-27,COMM,2,SE,joseph.miller83@example.com,555-673-3260,88,9,,N,N,2024-01-31,2026-09-18 19:12:03
A00000161,C0000083,CD,A,2007-03-15,,128954.31,128732.14,0,0.0429,B003,O0008,2024-01-18,Joseph,Miller,3cad33b4782e791cdee42a56f07879b2,1987-06-27,COMM,2,SE,joseph.miller83@example.com,555-673-3260,202,13,,N,N,2024-01-31,2026-09-18 19:12:03
A00000162,C0000084,CHK,S,2009-09-15,,5839.34,5754.18,0,0.001,B045,O0028,2024-01-28,Donna,Green,182e913811a110f5c2a2008c02d5f075,1981-10-06,RET,4,NW,donna.green84@example.com,555-751-8253,172,3,,N,N,2024-01-31,2026-09-18 19:12:03
A00000163,C0000084,CC,A,2021-03-28,,8098.19,16901.81,25000,0.2088,B013,O0006,2024-01-30,Donna,Green,182e913811a110f5c2a2008c02d5f075,1981-10-06,RET,4,NW,donna.green84@example.com,555-751-8253,34,1,32.39276,N,N,2024-01-31,2026-09-18 19:12:03
A00000164,C0000085,SAV,P,2020-11-01,,882.97,784.54,0,0.032,B017,O0077,2023-11-27,Nancy,Green,926f1fa6bb243478bc58a65ecb32a167,1974-01-25,CORP,1,SW,nancy.green85@example.com,555-852-9465,38,65,,N,N,2024-01-31,2026-09-18 19:12:03
A00000165,C0000086,MMA,A,2009-07-25,,6558.02,6519.57,0,0.0446,B042,O0062,2024-01-30,Deborah,Mitchell,b70b19361ca0ef74d63650c81ac6af11,1966-10-08,PB,3,SW,deborah.mitchell86@example.com,555-663-3014,174,1,,N,N,2024-01-31,2026-09-18 19:12:03
A00000166,C0000087,CHK,A,2008-07-04,,1461.02,1393.28,0,0.0009,B035,O0064,2024-01-28,Charles,Martinez,b8b7749e93adb7b8e69b9a90a4777fc3,1958-09-16,RET,5,SW,charles.martinez87@example.com,555-636-1297,186,3,,N,N,2024-01-31,2026-09-18 19:12:03
A00000167,C0000088,LOC,S,2014-07-26,,3152.16,21847.84,25000,0.1158,B023,O0049,2023-08-15,Kevin,Green,f81fc78968c2bacd89fad4c86c0d1089,1959-11-26,RET,4,MW,kevin.green88@example.com,555-352-0418,114,169,12.60864,N,N,2024-01-31,2026-09-18 19:12:03
A00000169,C0000089,MTG,A,2021-12-28,,155424.91,155273.34,0,0.0613,B045,O0096,2024-01-19,John,Taylor,0114d88c07f585b07bed24f80158fda8,1982-08-10,RET,5,NE,john.taylor89@example.com,555-401-6342,25,12,,N,N,2024-01-31,2026-09-18 19:12:03
A00000170,C0000090,CHK,A,2013-02-07,,629.2,552.78,0,0.001,B033,O0109,2024-01-17,Michelle,Green,888f5a3b335524533191b8490c9e2d4e,1950-06-26,RET,3,NE,michelle.green90@example.com,555-329-7284,131,14,,N,N,2024-01-31,2026-09-18 19:12:03
A00000171,C0000090,HELC,A,2018-10-18,,8293.03,41706.97,50000,0.1,B022,O0116,2024-01-29,Michelle,Green,888f5a3b335524533191b8490c9e2d4e,1950-06-26,RET,3,NE,michelle.green90@example.com,555-329-7284,63,2,16.58606,N,N,2024-01-31,2026-09-18 19:12:03
A00000172,C0000091,HELC,P,2019-07-15,,33477.23,116522.77,150000,0.0965,B022,O0065,2024-01-17,Steven,Johnson,720d9eee5b4ff700225980bf3d0347e7,1950-07-14,RET,5,NE,steven.johnson91@example.com,555-261-0910,54,14,22.318153333,N,N,2024-01-31,2026-09-18 19:12:03
A00000173,C0000091,MTG,A,2017-12-31,,387883.94,387807.98,0,0.0732,B014,O0091,2023-08-21,Steven,Johnson,720d9eee5b4ff700225980bf3d0347e7,1950-07-14,RET,5,NE,steven.johnson91@example.com,555-261-0910,73,163,,N,Y,2024-01-31,2026-09-18 19:12:03
A00000174,C0000092,MTG,A,2019-05-03,,755173.82,754933.81,0,0.0673,B007,O0082,2023-07-13,Patricia,Jackson,8047018750a9a34b2ce5c71c24d7947c,1982-07-10,RET,2,SE,patricia.jackson92@example.com,555-354-8283,56,202,,N,Y,2024-01-31,2026-09-18 19:12:03
A00000175,C0000092,SAV,A,2017-10-12,,30334.47,30221.08,0,0.0354,B007,O0011,2024-01-18,Patricia,Jackson,8047018750a9a34b2ce5c71c24d7947c,1982-07-10,RET,2,SE,patricia.jackson92@example.com,555-354-8283,75,13,,N,N,2024-01-31,2026-09-18 19:12:03
A00000176,C0000093,SAV,A,2019-04-21,,478.13,262.39,0,0.0293,B030,O0120,2023-11-28,Robert,Lewis,464ed0500288e90fff86ce5f6170aae5,1955-02-13,PB,5,SW,robert.lewis93@example.com,555-666-1898,57,64,,N,N,2024-01-31,2026-09-18 19:12:03
A00000177,C0000093,PERS,A,2009-10-13,,29702.1,29465.97,0,0.1272,B021,O0086,2024-01-24,Robert,Lewis,464ed0500288e90fff86ce5f6170aae5,1955-02-13,PB,5,SW,robert.lewis93@example.com,555-666-1898,171,7,,N,N,2024-01-31,2026-09-18 19:12:03
A00000178,C0000093,AUTO,A,2016-06-24,,13553.48,13325.28,0,0.0823,B040,O0083,2023-11-20,Robert,Lewis,464ed0500288e90fff86ce5f6170aae5,1955-02-13,PB,5,SW,robert.lewis93@example.com,555-666-1898,91,72,,N,N,2024-01-31,2026-09-18 19:12:03
A00000179,C0000094,MTG,A,2008-06-20,,212965.58,212841.12,0,0.0691,B014,O0092,2024-01-27,John,Walker,a9b9aeb784e6a91f9ed92b2382ed2183,1951-05-24,PB,7,W,john.walker94@example.com,555-325-3610,187,4,,N,N,2024-01-31,2026-09-18 19:12:03
A00000180,C0000095,SAV,R,2007-12-28,,11170.4,11124.02,0,0.0307,B033,O0096,2023-09-11,Melissa,Ramirez,53d2853c65da455006523e211047c157,1997-01-25,RET,1,W,melissa.ramirez95@example.com,555-811-4351,193,142,,N,N,2024-01-31,2026-09-18 19:12:03
A00000181,C0000095,MTG,A,2008-06-09,,474119.93,473902.9,0,0.0668,B046,O0066,2024-01-22,Melissa,Ramirez,53d2853c65da455006523e211047c157,1997-01-25,RET,1,W,melissa.ramirez95@example.com,555-811-4351,187,9,,N,Y,2024-01-31,2026-09-18 19:12:03
A00000182,C0000095,MMA,A,2015-10-19,,107085.87,107028.5,0,0.0404,B030,O0093,2022-05-11,Melissa,Ramirez,53d2853c65da455006523e211047c157,1997-01-25,RET,1,W,melissa.ramirez95@example.com,555-811-4351,99,630,,Y,N,2024-01-31,2026-09-18 19:12:03
A00000183,C0000096,CHK,A,2016-06-19,,668.96,598.93,0,0.0011,B031,O0055,2023-10-25,Susan,Smith,540d4db92c2b786d295e8b502bf1666f,1980-01-24,PREM,3,SE,susan.smith96@example.com,555-832-7835,91,98,,N,N,2024-01-31,2026-09-18 19:12:03
A00000184,C0000097,CHK,A,2011-08-08,,472.75,291.85,0,0.001,B044,O0022,2024-01-18,James,Scott,9949da174c165249618506737f9d2e51,1987-12-19,RET,2,MW,james.scott97@example.com,555-672-1311,149,13,,N,N,2024-01-31,2026-09-18 19:12:03
A00000185,C0000097,SAV,A,2015-12-05,,5516.21,5371.55,0,0.0295,B021,O0039,2024-01-30,James,Scott,9949da174c165249618506737f9d2e51,1987-12-19,RET,2,MW,james.scott97@example.com,555-672-1311,97,1,,N,N,2024-01-31,2026-09-18 19:12:03
A00000186,C0000098,MTG,D,2022-07-25,,580109.72,580023.05,0,0.061,B011,O0092,2024-01-21,Elizabeth,Moore,9167e7c3efbc8c2b05458f412a359fb1,1974-06-04,PREM,3,W,elizabeth.moore98@example.com,555-627-0552,18,10,,N,Y,2024-01-31,2026-09-18 19:12:03
A00000187,C0000098,MTG,A,2021-09-14,,551888.67,551824.52,0,0.0641,B046,O0038,2024-01-20,Elizabeth,Moore,9167e7c3efbc8c2b05458f412a359fb1,1974-06-04,PREM,3,W,elizabeth.moore98@example.com,555-627-0552,28,11,,N,Y,2024-01-31,2026-09-18 19:12:03
A00000188,C0000098,MTG,A,2009-10-08,,766914.3,766833.17,0,0.0678,B003,O0095,2024-01-17,Elizabeth,Moore,9167e7c3efbc8c2b05458f412a359fb1,1974-06-04,PREM,3,W,elizabeth.moore98@example.com,555-627-0552,171,14,,N,Y,2024-01-31,2026-09-18 19:12:03
A00000189,C0000099,CHK,A,2013-06-27,,9004.29,8963.98,0,0.001,B005,O0086,2024-01-27,Lisa,Martinez,8325618156ee63788e79c5eea29d08a1,1993-08-20,RET,7,NW,lisa.martinez99@example.com,555-464-2650,127,4,,N,N,2024-01-31,2026-09-18 19:12:03
A00000190,C0000099,MTG,A,2016-09-23,,469742.87,469499.42,0,0.0616,B040,O0017,2021-11-13,Lisa,Martinez,8325618156ee63788e79c5eea29d08a1,1993-08-20,RET,7,NW,lisa.martinez99@example.com,555-464-2650,88,809,,Y,Y,2024-01-31,2026-09-18 19:12:03
A00000191,C0000099,CHK,A,2007-10-03,,864.02,624.58,0,0.0009,B038,O0115,2023-01-24,Lisa,Martinez,8325618156ee63788e79c5eea29d08a1,1993-08-20,RET,7,NW,lisa.martinez99@example.com,555-464-2650,195,372,,Y,N,2024-01-31,2026-09-18 19:12:03
A00000192,C0000100,AUTO,D,2011-10-26,,31513.61,31295.23,0,0.084,B015,O0035,2024-01-27,Nancy,Lewis,52ccdc27bf97e30ad509a77263f36ba7,1952-12-03,PB,3,SW,nancy.lewis100@example.com,555-251-2297,147,4,,N,N,2024-01-31,2026-09-18 19:12:03
A00000193,C0000101,CHK,A,2022-08-13,,1031.04,809.35,0,0.0011,B023,O0022,2024-01-18,Betty,Taylor,515d9a6b9f5813839826c71f078a0be5,1997-06-09,RET,4,W,betty.taylor101@example.com,555-299-4724,17,13,,N,N,2024-01-31,2026-09-18 19:12:03
A00000194,C0000101,CC,A,2020-07-13,,4444.47,20555.53,25000,0.2114,B041,O0085,2022-11-18,Betty,Taylor,515d9a6b9f5813839826c71f078a0be5,1997-06-09,RET,4,W,betty.taylor101@example.com,555-299-4724,42,439,17.77788,Y,N,2024-01-31,2026-09-18 19:12:03
A00000195,C0000101,CC,A,2017-10-17,,3122.54,6877.46,10000,0.2181,B011,O0044,2024-01-26,Betty,Taylor,515d9a6b9f5813839826c71f078a0be5,1997-06-09,RET,4,W,betty.taylor101@example.com,555-299-4724,75,5,31.2254,N,N,2024-01-31,2026-09-18 19:12:03
A00000196,C0000101,CD,A,2015-08-17,,25608.92,25508.6,0,0.0447,B001,O0001,2023-12-01,Betty,Taylor,515d9a6b9f5813839826c71f078a0be5,1997-06-09,RET,4,W,betty.taylor101@example.com,555-299-4724,101,61,,N,N,2024-01-31,2026-09-18 19:12:03
A00000197,C0000102,MTG,A,2007-09-30,,156819.42,156782.87,0,0.0647,B032,O0070,2024-01-29,Mark,Torres,80a8342f723f6bbe961d2b91c608b02c,1973-11-21,RET,3,W,mark.torres102@example.com,555-354-4064,196,2,,N,N,2024-01-31,2026-09-18 19:12:03
A00000198,C0000102,CD,A,2015-09-27,,40407.73,40268.7,0,0.0515,B022,O0059,2023-12-29,Mark,Torres,80a8342f723f6bbe961d2b91c608b02c,1973-11-21,RET,3,W,mark.torres102@example.com,555-354-4064,100,33,,N,N,2024-01-31,2026-09-18 19:12:03
A00000199,C0000103,MTG,A,2008-08-09,,328892.25,328645.26,0,0.0634,B039,O0100,2024-01-18,Paul,Wright,f28f48a46244cb8ab3d8e0367277d355,1985-01-06,SMB,3,MW,paul.wright103@example.com,555-421-3728,185,13,,N,Y,2024-01-31,2026-09-18 19:12:03
A00000200,C0000103,CHK,A,2019-03-17,,6608.94,6593.9,0,0.0011,B027,O0039,2023-07-18,Paul,Wright,f28f48a46244cb8ab3d8e0367277d355,1985-01-06,SMB,3,MW,paul.wright103@example.com,555-421-3728,58,197,,N,N,2024-01-31,2026-09-18 19:12:03
A00000201,C0000103,AUTO,A,2018-11-06,,61241.54,61061.87,0,0.0841,B035,O0030,2023-12-07,Paul,Wright,f28f48a46244cb8ab3d8e0367277d355,1985-01-06,SMB,3,MW,paul.wright103@example.com,555-421-3728,62,55,,N,N,2024-01-31,2026-09-18 19:12:03
A00000202,C0000104,CC,A,2022-12-24,,26923.48,0,25000,0.2511,B028,O0065,2024-01-28,Ronald,Anderson,a2a816f41489d8219a136ed4cc11172a,1964-12-18,RET,3,SW,ronald.anderson104@example.com,555-988-3665,13,3,107.69392,N,N,2024-01-31,2026-09-18 19:12:03
A00000203,C0000105,CHK,D,2016-08-04,,3914.03,3737.65,0,0.0009,B011,O0031,2023-04-13,Sandra,Clark,f321c7c00c2784a5dd316fc1f6505188,1956-04-11,PB,5,NW,sandra.clark105@example.com,555-285-7883,89,293,,N,N,2024-01-31,2026-09-18 19:12:03
A00000204,C0000105,HELC,A,2021-05-06,,53817.32,46182.68,100000,0.0915,B032,O0051,2024-01-22,Sandra,Clark,f321c7c00c2784a5dd316fc1f6505188,1956-04-11,PB,5,NW,sandra.clark105@example.com,555-285-7883,32,9,53.81732,N,N,2024-01-31,2026-09-18 19:12:03
A00000205,C0000106,LOC,A,2014-10-19,,30055.02,69944.98,100000,0.1121,B017,O0091,2023-11-30,Linda,Jackson,e7b73027b6a6437791656a80d3ba567f,1980-03-09,COMM,6,NW,linda.jackson106@example.com,555-347-6929,111,62,30.05502,N,N,2024-01-31,2026-09-18 19:12:03
A00000206,C0000107,PERS,D,2014-09-26,,35007.9,34864.02,0,0.1545,B037,O0031,2024-01-03,Barbara,Roberts,4a94e28bba4f698129c13935b31572a0,1956-03-09,RET,5,NW,barbara.roberts107@example.com,555-335-6730,112,28,,N,N,2024-01-31,2026-09-18 19:12:03
A00000207,C0000108,CC,A,2017-02-08,,7429.09,7570.91,15000,0.2489,B005,O0027,2024-01-22,Matthew,Green,188e6903a4a93fe9ae00fcc086d63236,1955-09-14,PB,4,NW,matthew.green108@example.com,555-324-9172,83,9,49.527266667,N,N,2024-01-31,2026-09-18 19:12:03
A00000208,C0000109,SAV,A,2015-07-18,,2407.64,2364.09,0,0.0326,B043,O0020,2023-12-18,Betty,Campbell,61214408634332e8a1e88c427a5f526e,1957-04-20,COMM,3,SW,betty.campbell109@example.com,555-291-1747,102,44,,N,N,2024-01-31,2026-09-18 19:12:03
A00000209,C0000110,SAV,A,2021-11-28,,24567.09,24560.44,0,0.0288,B019,O0060,2024-01-10,William,Walker,a7095eb74150346ba3fd374a7dabbec9,1999-02-14,RET,2,MW,william.walker110@example.com,555-242-7770,26,21,,N,N,2024-01-31,2026-09-18 19:12:03
A00000210,C0000110,CC,A,2008-10-25,,2705.99,7294.01,10000,0.2449,B025,O0088,2024-01-31,William,Walker,a7095eb74150346ba3fd374a7dabbec9,1999-02-14,RET,2,MW,william.walker110@example.com,555-242-7770,183,0,27.0599,N,N,2024-01-31,2026-09-18 19:12:03
A00000211,C0000110,CHK,A,2009-08-14,,575.05,391.47,0,0.001,B018,O0016,2023-05-08,William,Walker,a7095eb74150346ba3fd374a7dabbec9,1999-02-14,RET,2,MW,william.walker110@example.com,555-242-7770,173,268,,N,N,2024-01-31,2026-09-18 19:12:03
A00000212,C0000111,LOC,A,2021-04-18,,10444.85,89555.15,100000,0.117,B043,O0086,2024-01-17,Matthew,Williams,0015a9d4821c8813674fcb33f7c8fac5,1986-01-18,RET,4,MW,matthew.williams111@example.com,555-796-3578,33,14,10.44485,N,N,2024-01-31,2026-09-18 19:12:03
A00000213,C0000111,CC,A,2010-11-07,,3538.52,11461.48,15000,0.2182,B021,O0051,2024-01-27,Matthew,Williams,0015a9d4821c8813674fcb33f7c8fac5,1986-01-18,RET,4,MW,matthew.williams111@example.com,555-796-3578,158,4,23.590133333,N,N,2024-01-31,2026-09-18 19:12:03
A00000214,C0000112,CC,A,2020-03-11,,5511.35,19488.65,25000,0.246,B002,O0060,2024-01-21,Robert,Martin,05e4528982be6e5068e730ffe13ec11d,1966-05-09,RET,3,W,robert.martin112@example.com,555-909-6316,46,10,22.0454,N,N,2024-01-31,2026-09-18 19:12:03
A00000215,C0000113,CC,F,2019-08-01,,5456.75,4543.25,10000,0.217,B009,O0028,2023-10-08,Daniel,Taylor,091916f936bae59dc9915ca2a65f9e7a,1996-03-22,RET,3,NE,daniel.taylor113@example.com,555-420-9742,53,115,54.5675,N,N,2024-01-31,2026-09-18 19:12:03
A00000216,C0000113,MMA,A,2020-03-15,,223745.05,223695.59,0,0.0371,B009,O0009,2023-12-15,Daniel,Taylor,091916f936bae59dc9915ca2a65f9e7a,1996-03-22,RET,3,NE,daniel.taylor113@example.com,555-420-9742,46,47,,N,N,2024-01-31,2026-09-18 19:12:03
A00000217,C0000114,AUTO,A,2012-04-09,,20766.64,20693.29,0,0.0855,B011,O0045,2024-01-28,Edward,Campbell,d3aba572a39f9caa2b70ed211b619d31,1967-08-28,RET,2,W,edward.campbell114@example.com,555-637-5285,141,3,,N,N,2024-01-31,2026-09-18 19:12:03
A00000218,C0000115,CD,A,2010-04-14,,65969.01,65768.22,0,0.0514,B016,O0044,2023-04-14,Margaret,Thomas,3f7451da5017f5d6e05a47e348285e8b,1977-07-31,PREM,4,SW,margaret.thomas115@example.com,555-697-1683,165,292,,N,N,2024-01-31,2026-09-18 19:12:03
A00000219,C0000116,MTG,A,2008-02-18,,138748.84,138553.53,0,0.0642,B011,O0054,2024-01-18,Jessica,Ramirez,4f9d83dd4112ffa0a96cf118404188a7,1991-06-23,RET,6,NW,jessica.ramirez116@example.com,555-338-1682,191,13,,N,N,2024-01-31,2026-09-18 19:12:03
A00000220,C0000116,CC,A,2020-09-05,,2290.71,5209.29,7500,0.2383,B040,O0115,2024-01-17,Jessica,Ramirez,4f9d83dd4112ffa0a96cf118404188a7,1991-06-23,RET,6,NW,jessica.ramirez116@example.com,555-338-1682,40,14,30.5428,N,N,2024-01-31,2026-09-18 19:12:03
A00000221,C0000116,CC,D,2023-03-31,,1286.93,213.07,1500,0.2211,B015,O0088,2023-11-03,Jessica,Ramirez,4f9d83dd4112ffa0a96cf118404188a7,1991-06-23,RET,6,NW,jessica.ramirez116@example.com,555-338-1682,10,89,85.795333333,N,N,2024-01-31,2026-09-18 19:12:03
A00000222,C0000117,PERS,A,2023-12-14,,28092.93,28075.13,0,0.1557,B015,O0027,2024-01-26,Jennifer,White,f210ff211694ae46edec43c300737337,1953-03-02,RET,4,SE,jennifer.white117@example.com,555-773-4756,1,5,,N,N,2024-01-31,2026-09-18 19:12:03
A00000223,C0000117,CHK,A,2016-08-16,,33685.09,33623.13,0,0.0011,B014,O0089,2022-11-11,Jennifer,White,f210ff211694ae46edec43c300737337,1953-03-02,RET,4,SE,jennifer.white117@example.com,555-773-4756,89,446,,Y,N,2024-01-31,2026-09-18 19:12:03
A00000224,C0000118,PERS,A,2019-10-24,,32974.08,32770.57,0,0.1366,B012,O0049,2023-11-09,Kevin,Anderson,e87afac8a983f1b3b9d503d5d50ee3d4,1965-03-11,RET,2,NE,kevin.anderson118@example.com,555-410-3698,51,83,,N,N,2024-01-31,2026-09-18 19:12:03
A00000225,C0000118,PERS,A,2011-08-06,,27386.39,27142.71,0,0.1365,B014,O0059,2023-11-02,Kevin,Anderson,e87afac8a983f1b3b9d503d5d50ee3d4,1965-03-11,RET,2,NE,kevin.anderson118@example.com,555-410-3698,149,90,,N,N,2024-01-31,2026-09-18 19:12:03
A00000226,C0000118,SAV,A,2021-10-20,,12320.19,12314.08,0,0.0328,B018,O0014,2024-01-25,Kevin,Anderson,e87afac8a983f1b3b9d503d5d50ee3d4,1965-03-11,RET,2,NE,kevin.anderson118@example.com,555-410-3698,27,6,,N,N,2024-01-31,2026-09-18 19:12:03
A00000227,C0000118,MMA,A,2017-02-25,,312712.4,312577.1,0,0.0389,B042,O0034,2024-01-27,Kevin,Anderson,e87afac8a983f1b3b9d503d5d50ee3d4,1965-03-11,RET,2,NE,kevin.anderson118@example.com,555-410-3698,83,4,,N,Y,2024-01-31,2026-09-18 19:12:03
A00000228,C0000119,CHK,A,2015-02-16,,2041.55,1816.95,0,0.001,B008,O0042,2023-12-13,Kimberly,Hill,c58e6b516ae0e247936122d0605f6be0,1988-12-27,RET,3,NE,kimberly.hill119@example.com,555-436-9264,107,49,,N,N,2024-01-31,2026-09-18 19:12:03
A00000229,C0000120,CHK,A,2011-10-07,,2489.21,2348.63,0,0.001,B021,O0039,2023-10-22,James,Baker,9e55c2a96ab51f365a0cedf2e8c4278c,1976-04-23,RET,3,W,james.baker120@example.com,555-635-9607,147,101,,N,N,2024-01-31,2026-09-18 19:12:03
A00000230,C0000120,MTG,A,2017-12-18,,160984.52,160866.89,0,0.0704,B025,O0011,2024-01-29,James,Baker,9e55c2a96ab51f365a0cedf2e8c4278c,1976-04-23,RET,3,W,james.baker120@example.com,555-635-9607,73,2,,N,N,2024-01-31,2026-09-18 19:12:03
A00000231,C0000120,SAV,A,2015-09-01,,28375.84,28272.38,0,0.0304,B010,O0092,2023-11-15,James,Baker,9e55c2a96ab51f365a0cedf2e8c4278c,1976-04-23,RET,3,W,james.baker120@example.com,555-635-9607,100,77,,N,N,2024-01-31,2026-09-18 19:12:03
A00000232,C0000121,CC,R,2022-09-16,,963.93,536.07,1500,0.219,B024,O0081,2024-01-27,Betty,Johnson,8d1833306c5d294b6ca6b3ab4f0bee5f,1985-03-07,RET,1,MW,betty.johnson121@example.com,555-226-9774,16,4,64.262,N,N,2024-01-31,2026-09-18 19:12:03
A00000233,C0000122,SAV,A,2009-09-15,,703.02,651.77,0,0.0337,B048,O0120,2024-01-26,Joshua,Lopez,57cc62e5960fd4364651537e63aed09e,1999-10-04,RET,5,NE,joshua.lopez122@example.com,555-361-4809,172,5,,N,N,2024-01-31,2026-09-18 19:12:03
A00000234,C0000123,CHK,A,2021-07-05,,6259.48,6210.09,0,0.0009,B027,O0079,2024-01-30,Donna,Nguyen,e8386e5879bc11e47e33a1ffde8f71f7,1965-06-13,RET,3,SE,donna.nguyen123@example.com,555-302-0580,30,1,,N,N,2024-01-31,2026-09-18 19:12:03
A00000235,C0000123,SAV,A,2010-02-19,,4973.04,4911.21,0,0.0289,B025,O0061,2024-01-30,Donna,Nguyen,e8386e5879bc11e47e33a1ffde8f71f7,1965-06-13,RET,3,SE,donna.nguyen123@example.com,555-302-0580,167,1,,N,N,2024-01-31,2026-09-18 19:12:03
A00000236,C0000124,CD,D,2016-05-25,,125081.27,124861.87,0,0.0496,B023,O0040,2024-01-19,Jessica,Hill,d2e05216543f65bde968330d14029a5e,1985-05-06,RET,5,W,jessica.hill124@example.com,555-916-2303,92,12,,N,N,2024-01-31,2026-09-18 19:12:03
A00000237,C0000125,SAV,A,2017-10-01,,3744.76,3563.57,0,0.0306,B033,O0052,2024-01-31,Kimberly,Davis,2ecf539935dc1aeacc971980003caf94,1982-04-12,RET,3,SW,kimberly.davis125@example.com,555-595-5364,75,0,,N,N,2024-01-31,2026-09-18 19:12:03
A00000238,C0000125,CC,A,2020-01-20,,870.83,629.17,1500,0.2003,B037,O0078,2024-01-31,Kimberly,Davis,2ecf539935dc1aeacc971980003caf94,1982-04-12,RET,3,SW,kimberly.davis125@example.com,555-595-5364,48,0,58.055333333,N,N,2024-01-31,2026-09-18 19:12:03
A00000239,C0000126,MTG,A,2020-10-05,,300050.62,299949.09,0,0.0733,B034,O0083,2024-01-27,George,Robinson,f82798eef113672d26dbfa603dd9a7a8,1959-10-01,RET,2,SW,george.robinson126@example.com,555-690-5204,39,4,,N,Y,2024-01-31,2026-09-18 19:12:03
A00000240,C0000126,PERS,P,2020-06-11,,41164.49,40974.91,0,0.1401,B030,O0055,2024-01-26,George,Robinson,f82798eef113672d26dbfa603dd9a7a8,1959-10-01,RET,2,SW,george.robinson126@example.com,555-690-5204,43,5,,N,N,2024-01-31,2026-09-18 19:12:03
A00000241,C0000126,MMA,A,2017-10-02,,118450.58,118409.93,0,0.0391,B020,O0021,2023-09-20,George,Robinson,f82798eef113672d26dbfa603dd9a7a8,1959-10-01,RET,2,SW,george.robinson126@example.com,555-690-5204,75,133,,N,N,2024-01-31,2026-09-18 19:12:03
A00000242,C0000127,MMA,A,2012-12-15,,5075.39,4864.46,0,0.042,B031,O0047,2022-05-12,Mark,Green,bdcfe182465ae38de2abbaeb17524c31,1999-02-13,PREM,4,SE,mark.green127@example.com,555-472-2364,133,629,,Y,N,2024-01-31,2026-09-18 19:12:03
A00000243,C0000128,SAV,A,2008-08-22,,1235.81,1146.8,0,0.0347,B027,O0005,2023-05-22,Susan,Roberts,1f82ed5677f86308fd1297bf9bcc4a6e,1974-07-26,RET,3,NW,susan.roberts128@example.com,555-764-9987,185,254,,N,N,2024-01-31,2026-09-18 19:12:03
A00000244,C0000128,LOC,A,2008-02-23,,37736.53,62263.47,100000,0.1142,B030,O0009,2023-10-26,Susan,Roberts,1f82ed5677f86308fd1297bf9bcc4a6e,1974-07-26,RET,3,NW,susan.roberts128@example.com,555-764-9987,191,97,37.73653,N,N,2024-01-31,2026-09-18 19:12:03
A00000245,C0000129,CHK,A,2015-02-06,,1426.03,1208.59,0,0.0011,B026,O0100,2024-01-29,Dorothy,Martinez,c4afbf506fb194480e79599944617165,1947-07-17,RET,,SE,dorothy.martinez129@example.com,555-887-4006,107,2,,N,N,2024-01-31,2026-09-18 19:12:03
A00000246,C0000129,AUTO,A,2021-03-15,,54895.67,54816.63,0,0.074,B005,O0106,2023-07-27,Dorothy,Martinez,c4afbf506fb194480e79599944617165,1947-07-17,RET,,SE,dorothy.martinez129@example.com,555-887-4006,34,188,,N,N,2024-01-31,2026-09-18 19:12:03
A00000247,C0000130,CC,A,2008-01-30,,345.99,2654.01,3000,0.2126,B033,O0044,2023-04-16,Robert,Flores,d4bb5e42e727d22faee2afd3bcfad283,2000-01-23,RET,4,SE,robert.flores130@example.com,555-898-8884,192,290,11.533,N,N,2024-01-31,2026-09-18 19:12:03
A00000248,C0000131,CC,A,2014-12-13,,453.21,1046.79,1500,0.2219,B023,O0065,2024-01-17,Anthony,Hernandez,0b41cfb8c822b630ed0881a8605981a6,1946-05-30,SMB,3,NW,anthony.hernandez131@example.com,555-203-5084,109,14,30.214,N,N,2024-01-31,2026-09-18 19:12:03
A00000249,C0000131,SAV,A,2018-08-26,,-668.58,0,0,0.0299,B044,O0059,2024-01-28,Anthony,Hernandez,0b41cfb8c822b630ed0881a8605981a6,1946-05-30,SMB,3,NW,anthony.hernandez131@example.com,555-203-5084,65,3,,N,N,2024-01-31,2026-09-18 19:12:03
A00000250,C0000131,PERS,A,2007-10-01,,40812.01,40616.05,0,0.1406,B009,O0035,2023-09-20,Anthony,Hernandez,0b41cfb8c822b630ed0881a8605981a6,1946-05-30,SMB,3,NW,anthony.hernandez131@example.com,555-203-5084,195,133,,N,N,2024-01-31,2026-09-18 19:12:03
A00000251,C0000132,MTG,D,2015-12-22,,132337.87,132146.96,0,0.0711,B005,O0117,2023-12-27,Emily,Harris,777f43a468d7b52014bdbc450f2595ac,1966-01-24,SMB,4,NW,emily.harris132@example.com,555-618-5699,97,35,,N,N,2024-01-31,2026-09-18 19:12:03
A00000252,C0000132,AUTO,A,2022-07-17,,36734.63,36607.88,0,0.0829,B005,O0008,2024-01-18,Emily,Harris,777f43a468d7b52014bdbc450f2595ac,1966-01-24,SMB,4,NW,emily.harris132@example.com,555-618-5699,18,13,,N,N,2024-01-31,2026-09-18 19:12:03
A00000253,C0000133,IRA,A,2019-04-22,,33377.32,33341.23,0,0.048,B034,O0005,2024-01-16,Ashley,Nelson,e577cac7884e4fb423a182dad7c1605e,1975-09-20,RET,2,SE,ashley.nelson133@example.com,555-967-3102,57,15,,N,N,2024-01-31,2026-09-18 19:12:03
A00000254,C0000133,MTG,A,2016-11-10,,727444.58,727443.46,0,0.0684,B032,O0107,2024-01-20,Ashley,Nelson,e577cac7884e4fb423a182dad7c1605e,1975-09-20,RET,2,SE,ashley.nelson133@example.com,555-967-3102,86,11,,N,Y,2024-01-31,2026-09-18 19:12:03
A00000255,C0000134,CHK,A,2011-04-28,,9747.99,9733.27,0,0.0009,B021,O0045,2024-01-29,Ronald,Rivera,8a3ea71a451b1cb267e30d1c152684e6,1984-04-13,RET,,SW,ronald.rivera134@example.com,555-319-5747,153,2,,N,N,2024-01-31,2026-09-18 19:12:03
A00000256,C0000135,CC,A,2008-01-06,,742.13,2257.87,3000,0.2376,B010,O0023,2024-01-23,Margaret,Nguyen,28b01e2cb1f01b8ea0153b23fb3d960c,1959-11-18,RET,3,W,margaret.nguyen135@example.com,555-241-5051,192,8,24.737666667,N,N,2024-01-31,2026-09-18 19:12:03
A00000257,C0000135,AUTO,A,2008-12-29,,16819.37,16574.78,0,0.0724,B023,O0001,2024-01-26,Margaret,Nguyen,28b01e2cb1f01b8ea0153b23fb3d960c,1959-11-18,RET,3,W,margaret.nguyen135@example.com,555-241-5051,181,5,,N,N,2024-01-31,2026-09-18 19:12:03
A00000258,C0000135,SAV,A,2010-03-04,,5515.07,5289.2,0,0.0333,B035,O0026,2024-01-24,Margaret,Nguyen,28b01e2cb1f01b8ea0153b23fb3d960c,1959-11-18,RET,3,W,margaret.nguyen135@example.com,555-241-5051,166,7,,N,N,2024-01-31,2026-09-18 19:12:03
A00000259,C0000136,CC,A,2008-04-14,,1005.41,1994.59,3000,0.2175,B009,O0070,2024-01-23,Paul,Baker,5a4459174e9daa00edaf8150cad8f0f3,1972-01-10,PREM,6,SE,paul.baker136@example.com,555-381-3894,189,8,33.513666667,N,N,2024-01-31,2026-09-18 19:12:03
A00000260,C0000136,MTG,D,2012-02-16,,784004.07,783972.37,0,0.066,B005,O0078,2024-01-19,Paul,Baker,5a4459174e9daa00edaf8150cad8f0f3,1972-01-10,PREM,6,SE,paul.baker136@example.com,555-381-3894,143,12,,N,Y,2024-01-31,2026-09-18 19:12:03
A00000261,C0000136,IRA,A,2008-12-24,,206471.77,206448.03,0,0.0446,B006,O0044,2023-10-19,Paul,Baker,5a4459174e9daa00edaf8150cad8f0f3,1972-01-10,PREM,6,SE,paul.baker136@example.com,555-381-3894,181,104,,N,N,2024-01-31,2026-09-18 19:12:03
A00000262,C0000136,SAV,A,2021-08-30,,619.89,371.79,0,0.0303,B016,O0048,2024-01-30,Paul,Baker,5a4459174e9daa00edaf8150cad8f0f3,1972-01-10,PREM,6,SE,paul.baker136@example.com,555-381-3894,29,1,,N,N,2024-01-31,2026-09-18 19:12:03
A00000264,C0000137,SAV,A,2019-04-29,,-1550.66,0,0,0.0358,B021,O0037,2024-01-19,Mark,Sanchez,162b5f1caf9aa3ca7d0ae3c011036cac,1970-02-02,PREM,6,NW,mark.sanchez137@example.com,555-520-5512,57,12,,N,N,2024-01-31,2026-09-18 19:12:03
A00000265,C0000137,MTG,A,2010-03-18,,666851.08,666705.49,0,0.0628,B037,O0039,2024-01-21,Mark,Sanchez,162b5f1caf9aa3ca7d0ae3c011036cac,1970-02-02,PREM,6,NW,mark.sanchez137@example.com,555-520-5512,166,10,,N,Y,2024-01-31,2026-09-18 19:12:03
A00000266,C0000138,CC,A,2019-08-21,,145.45,1354.55,1500,0.2449,B031,O0022,2024-01-21,Thomas,Davis,d9d902b268af763a2f53149c3a129bd1,1977-10-17,RET,4,W,thomas.davis138@example.com,555-668-6472,53,10,9.6966666667,N,N,2024-01-31,2026-09-18 19:12:03
A00000267,C0000139,MTG,A,2008-10-20,,587450.62,587234.74,0,0.0604,B041,O0001,2024-01-20,Amanda,Jackson,1ba25bec47c0de746bcf03401e7af5e4,1959-02-09,PREM,3,SE,amanda.jackson139@example.com,555-526-3083,183,11,,N,Y,2024-01-31,2026-09-18 19:12:03
A00000268,C0000139,CHK,A,2012-03-05,,2048.51,2002.54,0,0.0011,B041,O0098,2024-01-18,Amanda,Jackson,1ba25bec47c0de746bcf03401e7af5e4,1959-02-09,PREM,3,SE,amanda.jackson139@example.com,555-526-3083,142,13,,N,N,2024-01-31,2026-09-18 19:12:03
A00000270,C0000140,CC,A,2011-07-11,,2158.81,2841.19,5000,0.2017,B023,O0016,2024-01-31,Sandra,Anderson,8ae3e1137c83aee6281a06ff96f49d2a,1953-11-25,CORP,2,MW,sandra.anderson140@example.com,555-976-7413,150,0,43.1762,N,N,2024-01-31,2026-09-18 19:12:03
A00000271,C0000140,CHK,A,2008-08-16,,1238.12,1020.31,0,0.001,B014,O0096,2024-01-23,Sandra,Anderson,8ae3e1137c83aee6281a06ff96f49d2a,1953-11-25,CORP,2,MW,sandra.anderson140@example.com,555-976-7413,185,8,,N,N,2024-01-31,2026-09-18 19:12:03
A00000272,C0000141,MTG,A,2017-05-05,,434898.35,434692.73,0,0.0691,B013,O0106,2024-01-21,Joseph,Thompson,64079d6549615a59f60fedd71729c8b1,1978-02-21,SMB,2,W,joseph.thompson141@example.com,555-591-8177,80,10,,N,Y,2024-01-31,2026-09-18 19:12:03
A00000274,C0000142,CC,A,2013-09-19,,1236.27,3763.73,5000,0.2231,B002,O0102,2024-01-21,Mark,Clark,ad8ba033f6d9c804ebe2f5e3e3844572,1970-01-02,RET,5,NE,mark.clark142@example.com,555-545-9009,124,10,24.7254,N,N,2024-01-31,2026-09-18 19:12:03
A00000275,C0000142,CC,A,2014-08-08,,598.36,901.64,1500,0.2376,B039,O0064,2024-01-30,Mark,Clark,ad8ba033f6d9c804ebe2f5e3e3844572,1970-01-02,RET,5,NE,mark.clark142@example.com,555-545-9009,113,1,39.890666667,N,N,2024-01-31,2026-09-18 19:12:03
A00000276,C0000143,HELC,F,2017-04-09,,65614.44,84385.56,150000,0.0868,B047,O0093,2024-01-28,Margaret,Gonzalez,648aff36368d70efbf5386d229855801,1989-08-03,RET,2,W,margaret.gonzalez143@example.com,555-633-8909,81,3,43.74296,N,N,2024-01-31,2026-09-18 19:12:03
A00000277,C0000143,AUTO,A,2023-06-16,,32888.45,32822.1,0,0.0823,B047,O0090,2024-01-29,Margaret,Gonzalez,648aff36368d70efbf5386d229855801,1989-08-03,RET,2,W,margaret.gonzalez143@example.com,555-633-8909,7,2,,N,N,2024-01-31,2026-09-18 19:12:03
A00000278,C0000144,CHK,A,2018-06-18,,20627.59,20491.16,0,0.0009,B004,O0112,2023-10-24,Barbara,Flores,6445d91994d9de39b1c2e0738780f31f,1966-10-30,RET,5,NE,barbara.flores144@example.com,555-856-2951,67,99,,N,N,2024-01-31,2026-09-18 19:12:03
A00000279,C0000144,CC,A,2022-01-11,,3058.49,6941.51,10000,0.2074,B016,O0110,2024-01-18,Barbara,Flores,6445d91994d9de39b1c2e0738780f31f,1966-10-30,RET,5,NE,barbara.flores144@example.com,555-856-2951,24,13,30.5849,N,N,2024-01-31,2026-09-18 19:12:03
A00000280,C0000145,CC,A,2013-04-30,,5435.69,19564.31,25000,0.2483,B006,O0020,2024-01-19,Matthew,Green,414e8c18be59333a32e5f1f48b7c7d62,1985-03-05,RET,5,W,matthew.green145@example.com,555-952-7336,129,12,21.74276,N,N,2024-01-31,2026-09-18 19:12:03
A00000281,C0000146,MMA,A,2008-05-03,,161922.92,161912.79,0,0.0381,B045,O0082,2023-02-06,John,Clark,5c5b6a3d9ec321d2cf195b8686d4ad06,1997-10-03,RET,3,SE,john.clark146@example.com,555-806-2316,188,359,,N,N,2024-01-31,2026-09-18 19:12:03
A00000282,C0000146,SAV,A,2014-03-06,,45287.1,45282.62,0,0.0311,B031,O0008,2023-01-17,John,Clark,5c5b6a3d9ec321d2cf195b8686d4ad06,1997-10-03,RET,3,SE,john.clark146@example.com,555-806-2316,118,379,,Y,N,2024-01-31,2026-09-18 19:12:03
A00000283,C0000146,CHK,A,2013-02-25,,5185.67,5072.3,0,0.0011,B037,O0028,2024-01-31,John,Clark,5c5b6a3d9ec321d2cf195b8686d4ad06,1997-10-03,RET,3,SE,john.clark146@example.com,555-806-2316,131,0,,N,N,2024-01-31,2026-09-18 19:12:03
A00000284,C0000147,PERS,A,2020-04-27,,43582.97,43559.33,0,0.1236,B028,O0107,2023-11-22,Andrew,Jackson,41741033103c74ab25fb6e3af46854be,1976-03-03,SMB,5,SW,andrew.jackson147@example.com,555-929-2077,45,70,,N,N,2024-01-31,2026-09-18 19:12:03
A00000285,C0000147,CD,R,2021-12-28,,60153.85,60008.01,0,0.05,B007,O0069,2024-01-26,Andrew,Jackson,41741033103c74ab25fb6e3af46854be,1976-03-03,SMB,5,SW,andrew.jackson147@example.com,555-929-2077,25,5,,N,N,2024-01-31,2026-09-18 19:12:03
A00000286,C0000147,SAV,A,2016-03-07,,5784.15,5748.37,0,0.0345,B037,O0102,2023-10-09,Andrew,Jackson,41741033103c74ab25fb6e3af46854be,1976-03-03,SMB,5,SW,andrew.jackson147@example.com,555-929-2077,94,114,,N,N,2024-01-31,2026-09-18 19:12:03
A00000288,C0000148,AUTO,D,2016-08-04,,46236.39,46028.05,0,0.0763,B033,O0109,2024-01-24,Anthony,Harris,414ef750e6443d18d641b1f466565274,1948-08-21,RET,5,SE,anthony.harris148@example.com,555-805-8791,89,7,,N,N,2024-01-31,2026-09-18 19:12:03
A00000289,C0000148,SAV,A,2022-11-09,,3141.19,3037.11,0,0.0301,B045,O0109,2024-01-25,Anthony,Harris,414ef750e6443d18d641b1f466565274,1948-08-21,RET,5,SE,anthony.harris148@example.com,555-805-8791,14,6,,N,N,2024-01-31,2026-09-18 19:12:03
A00000290,C0000148,CC,A,2014-12-13,,1342.61,1657.39,3000,0.2256,B023,O0090,2024-01-24,Anthony,Harris,414ef750e6443d18d641b1f466565274,1948-08-21,RET,5,SE,anthony.harris148@example.com,555-805-8791,109,7,44.753666667,N,N,2024-01-31,2026-09-18 19:12:03
A00000291,C0000149,CHK,A,2015-08-07,,819909.15,819899.96,0,0.0011,B009,O0025,2022-04-04,Michael,Baker,3207ae2603e8946ee327b269e5d214c4,1994-01-28,RET,,NE,michael.baker149@example.com,555-382-0938,101,667,,Y,Y,2024-01-31,2026-09-18 19:12:03
A00000292,C0000150,SAV,A,2007-05-14,,9411.55,9225.05,0,0.0342,B005,O0058,2024-01-17,Melissa,Flores,1abd3db1fe4931ae14b4f1a205ccae55,1975-04-22,RET,3,SW,melissa.flores150@example.com,555-453-1565,200,14,,N,N,2024-01-31,2026-09-18 19:12:03
A00000293,C0000150,PERS,A,2009-11-24,,41297.28,41143.39,0,0.1234,B024,O0069,2024-01-30,Melissa,Flores,1abd3db1fe4931ae14b4f1a205ccae55,1975-04-22,RET,3,SW,melissa.flores150@example.com,555-453-1565,170,1,,N,N,2024-01-31,2026-09-18 19:12:03
A00000294,C0000151,CC,A,2022-12-14,,2833.64,2166.36,5000,0.242,B012,O0088,2023-07-27,Jennifer,Torres,b359b5fd4f4b5ccb2282acaa34858aa4,1951-01-26,RET,2,SE,jennifer.torres151@example.com,555-910-6044,13,188,56.6728,N,N,2024-01-31,2026-09-18 19:12:03
A00000295,C0000152,CHK,A,2019-06-12,,2487.16,2476.03,0,0.001,B012,O0116,2024-01-30,Michelle,Adams,abf3b91f0821a3a1df9bb395d43b014a,1988-03-30,PB,6,MW,michelle.adams152@example.com,555-977-0244,55,1,,N,N,2024-01-31,2026-09-18 19:12:03
A00000296,C0000153,SAV,A,2018-05-16,,735.04,574.24,0,0.0291,B048,O0036,2024-01-30,Karen,Rodriguez,ae10f6df124c5dfd68bbf046fd735eb8,1976-05-27,SMB,3,NW,karen.rodriguez153@example.com,555-689-8320,68,1,,N,N,2024-01-31,2026-09-18 19:12:03
A00000297,C0000154,LOC,A,2008-08-13,,2249.32,7750.68,10000,0.1081,B001,O0076,2023-10-13,Deborah,Lee,29dc74d5afb509460feb67c285dd56a7,1959-02-17,RET,2,SW,deborah.lee154@example.com,555-254-5672,185,110,22.4932,N,N,2024-01-31,2026-09-18 19:12:03
A00000299,C0000155,SAV,A,2017-12-04,,9646.68,9451.51,0,0.0341,B010,O0060,2024-01-23,Karen,Ramirez,b14d9b6671650d9fcac675f43dda55c0,1972-08-30,COMM,3,MW,karen.ramirez155@example.com,555-971-2811,73,8,,N,N,2024-01-31,2026-09-18 19:12:03
A00000300,C0000155,CC,A,2014-10-21,,9832.93,167.07,10000,0.2043,B048,O0008,2024-01-18,Karen,Ramirez,b14d9b6671650d9fcac675f43dda55c0,1972-08-30,COMM,3,MW,karen.ramirez155@example.com,555-971-2811,111,13,98.3293,N,N,2024-01-31,2026-09-18 19:12:03
A00000301,C0000156,CC,A,2012-08-02,,1133.34,1866.66,3000,0.2197,B018,O0029,2024-01-25,Anthony,Harris,f766e0ab54921304f979437901cbc2a4,1987-09-18,PREM,2,W,anthony.harris156@example.com,555-487-2209,137,6,37.778,N,N,2024-01-31,2026-09-18 19:12:03
A00000302,C0000156,SAV,A,2009-03-09,,8457.21,8260.25,0,0.0359,B036,O0058,2024-01-21,Anthony,Harris,f766e0ab54921304f979437901cbc2a4,1987-09-18,PREM,2,W,anthony.harris156@example.com,555-487-2209,178,10,,N,N,2024-01-31,2026-09-18 19:12:03
A00000303,C0000156,CHK,A,2015-12-25,,4549.52,4462.44,0,0.0011,B006,O0033,2024-01-21,Anthony,Harris,f766e0ab54921304f979437901cbc2a4,1987-09-18,PREM,2,W,anthony.harris156@example.com,555-487-2209,97,10,,N,N,2024-01-31,2026-09-18 19:12:03
A00000304,C0000157,CC,A,2014-11-27,,4874.86,125.14,5000,0.2489,B044,O0003,2023-12-04,Paul,Lee,78d9c5b38cf5d0686b548342880110b2,1984-11-04,RET,7,MW,paul.lee157@example.com,555-493-8894,110,58,97.4972,N,N,2024-01-31,2026-09-18 19:12:03
A00000305,C0000157,PERS,A,2022-09-15,,9162.26,9066.61,0,0.1281,B026,O0057,2024-01-24,Paul,Lee,78d9c5b38cf5d0686b548342880110b2,1984-11-04,RET,7,MW,paul.lee157@example.com,555-493-8894,16,7,,N,N,2024-01-31,2026-09-18 19:12:03
A00000306,C0000158,MTG,A,2009-04-12,,817778.09,817574.47,0,0.0601,B037,O0082,2024-01-09,Deborah,Rivera,557ab850811057cabd6deb3ef703b5bb,1983-08-16,RET,4,SW,deborah.rivera158@example.com,555-498-2594,177,22,,N,Y,2024-01-31,2026-09-18 19:12:03
A00000308,C0000158,CHK,A,2013-03-23,,23541.87,23507.15,0,0.0009,B045,O0007,2024-01-27,Deborah,Rivera,557ab850811057cabd6deb3ef703b5bb,1983-08-16,RET,4,SW,deborah.rivera158@example.com,555-498-2594,130,4,,N,N,2024-01-31,2026-09-18 19:12:03
A00000309,C0000159,LOC,A,2020-06-16,,10200.56,39799.44,50000,0.1062,B028,O0010,2024-01-22,Ashley,Moore,fe590ea5fdbec4572a23928f6a50b85f,1981-10-29,RET,3,NW,ashley.moore159@example.com,555-691-2372,43,9,20.40112,N,N,2024-01-31,2026-09-18 19:12:03
A00000310,C0000159,MTG,A,2007-02-25,,651563.23,651344.96,0,0.0672,B008,O0034,2024-01-21,Ashley,Moore,fe590ea5fdbec4572a23928f6a50b85f,1981-10-29,RET,3,NW,ashley.moore159@example.com,555-691-2372,203,10,,N,Y,2024-01-31,2026-09-18 19:12:03
A00000311,C0000159,SAV,A,2007-11-11,,2412.48,2407.28,0,0.0349,B016,O0081,2024-01-27,Ashley,Moore,fe590ea5fdbec4572a23928f6a50b85f,1981-10-29,RET,3,NW,ashley.moore159@example.com,555-691-2372,194,4,,N,N,2024-01-31,2026-09-18 19:12:03
A00000312,C0000160,HELC,A,2009-02-19,,37050.3,212949.7,250000,0.0934,B024,O0089,2023-04-05,Brian,Smith,82a0cfac395dd214c99a392bb51cf84b,1990-05-11,RET,2,SW,brian.smith160@example.com,555-320-3326,179,301,14.82012,N,N,2024-01-31,2026-09-18 19:12:03
A00000313,C0000161,SAV,A,2009-02-08,,6775.84,6662.92,0,0.0358,B016,O0108,2023-10-14,Edward,Jackson,ea794ebe633a4f19e160ffcacd7be48a,1947-11-03,PB,2,W,edward.jackson161@example.com,555-753-0919,179,109,,N,N,2024-01-31,2026-09-18 19:12:03
A00000314,C0000161,AUTO,A,2019-01-23,,40782.09,40538.68,0,0.0708,B036,O0025,2023-12-20,Edward,Jackson,ea794ebe633a4f19e160ffcacd7be48a,1947-11-03,PB,2,W,edward.jackson161@example.com,555-753-0919,60,42,,N,N,2024-01-31,2026-09-18 19:12:03
A00000315,C0000161,MTG,A,2007-02-19,,174576.14,174327.06,0,0.0665,B046,O0051,2024-01-25,Edward,Jackson,ea794ebe633a4f19e160ffcacd7be48a,1947-11-03,PB,2,W,edward.jackson161@example.com,555-753-0919,203,6,,N,N,2024-01-31,2026-09-18 19:12:03
A00000316,C0000162,SAV,A,2013-09-04,,22596.75,22567.14,0,0.0297,B020,O0058,2024-01-23,Paul,Hall,90721884635b94344cf8e41c9b96045d,1994-10-12,RET,5,MW,paul.hall162@example.com,555-242-1694,124,8,,N,N,2024-01-31,2026-09-18 19:12:03
A00000318,C0000164,CHK,A,2018-05-09,,22342.61,22210.17,0,0.0011,B009,O0061,2023-07-06,William,Hill,349db2b4b656a04a979ce9c50b86ba77,1991-03-12,PREM,5,SE,william.hill164@example.com,555-345-6095,68,209,,N,N,2024-01-31,2026-09-18 19:12:03
A00000319,C0000164,IRA,A,2019-12-10,,107173.03,107158.88,0,0.0437,B041,O0079,2024-01-23,William,Hill,349db2b4b656a04a979ce9c50b86ba77,1991-03-12,PREM,5,SE,william.hill164@example.com,555-345-6095,49,8,,N,N,2024-01-31,2026-09-18 19:12:03
A00000320,C0000165,CHK,A,2014-08-12,,7069.05,6946.05,0,0.0011,B019,O0066,2024-01-28,Sandra,Wilson,aa76e934a05f2bafe8f649d4f87b3252,1949-07-19,SMB,4,W,sandra.wilson165@example.com,555-829-6344,113,3,,N,N,2024-01-31,2026-09-18 19:12:03
A00000321,C0000166,CHK,A,2023-01-01,,36352.92,36235.24,0,0.0011,B041,O0001,2024-01-23,Daniel,Anderson,0bbe71c5a75d87c2e4de7497f9905712,1964-06-07,RET,3,MW,daniel.anderson166@example.com,555-277-0408,12,8,,N,N,2024-01-31,2026-09-18 19:12:03
A00000322,C0000167,LOC,R,2007-06-06,,14366.16,35633.84,50000,0.1091,B014,O0116,2024-01-19,Michelle,Smith,3cf95a2e777fc710ec9f9e57d2481311,1979-02-17,RET,2,SE,michelle.smith167@example.com,555-711-0037,199,12,28.73232,N,N,2024-01-31,2026-09-18 19:12:03
A00000323,C0000167,AUTO,R,2022-12-31,,12381.19,12143.57,0,0.0882,B008,O0008,2024-01-23,Michelle,Smith,3cf95a2e777fc710ec9f9e57d2481311,1979-02-17,RET,2,SE,michelle.smith167@example.com,555-711-0037,13,8,,N,N,2024-01-31,2026-09-18 19:12:03
A00000324,C0000168,CC,A,2011-02-28,,1324.92,1675.08,3000,0.2352,B008,O0078,2024-01-30,James,Green,9adc864171c6d0b469c05fdeb93ba07e,1977-12-18,RET,4,SE,james.green168@example.com,555-346-7890,155,1,44.164,N,N,2024-01-31,2026-09-18 19:12:03
A00000325,C0000168,MTG,A,2023-11-16,,695771.64,695533.51,0,0.0669,B015,O0001,2023-12-30,James,Green,9adc864171c6d0b469c05fdeb93ba07e,1977-12-18,RET,4,SE,james.green168@example.com,555-346-7890,2,32,,N,Y,2024-01-31,2026-09-18 19:12:03
A00000326,C0000169,HELC,A,2007-07-18,,253046.66,0,250000,0.0809,B007,O0113,2023-02-16,Anthony,Martinez,51a97c9abaf55de5fa1998bf2d232dfd,1998-01-21,PB,5,MW,anthony.martinez169@example.com,555-820-0836,198,349,101.218664,N,Y,2024-01-31,2026-09-18 19:12:03
A00000327,C0000169,CHK,A,2019-01-22,,1508.55,1338.92,0,0.0009,B009,O0088,2023-10-19,Anthony,Martinez,51a97c9abaf55de5fa1998bf2d232dfd,1998-01-21,PB,5,MW,anthony.martinez169@example.com,555-820-0836,60,104,,N,N,2024-01-31,2026-09-18 19:12:03
A00000328,C0000170,CD,A,2009-10-16,,18853.25,18726.11,0,0.0535,B012,O0009,2023-12-18,Edward,Mitchell,4f2b97f756ed5bb229b3ad2e6ce6dafb,1957-02-12,RET,2,W,edward.mitchell170@example.com,555-243-7875,171,44,,N,N,2024-01-31,2026-09-18 19:12:03
A00000329,C0000170,CC,A,2010-04-01,,3078.9,0,3000,0.2225,B040,O0080,2023-11-26,Edward,Mitchell,4f2b97f756ed5bb229b3ad2e6ce6dafb,1957-02-12,RET,2,W,edward.mitchell170@example.com,555-243-7875,165,66,102.63,N,N,2024-01-31,2026-09-18 19:12:03
A00000330,C0000170,CC,A,2012-10-12,,1051.31,448.69,1500,0.2194,B010,O0055,2023-10-05,Edward,Mitchell,4f2b97f756ed5bb229b3ad2e6ce6dafb,1957-02-12,RET,2,W,edward.mitchell170@example.com,555-243-7875,135,118,70.087333333,N,N,2024-01-31,2026-09-18 19:12:03
A00000331,C0000171,MMA,A,2021-10-12,,55281.79,55068.16,0,0.0418,B046,O0120,2024-01-17,Joseph,Hill,3c8599b3caed579dc610c3677c1f525b,1961-03-22,PREM,2,NE,joseph.hill171@example.com,555-332-1310,27,14,,N,N,2024-01-31,2026-09-18 19:12:03
A00000332,C0000171,PERS,A,2015-03-05,,37613.97,37540.59,0,0.1297,B026,O0062,2024-01-07,Joseph,Hill,3c8599b3caed579dc610c3677c1f525b,1961-03-22,PREM,2,NE,joseph.hill171@example.com,555-332-1310,106,24,,N,N,2024-01-31,2026-09-18 19:12:03
A00000333,C0000172,CC,A,2010-07-23,,5913.13,1586.87,7500,0.2214,B023,O0095,2024-01-17,Dorothy,Brown,ac23872095fa8a51e0eccf1db73cc41e,1985-05-01,SMB,2,MW,dorothy.brown172@example.com,555-438-0705,162,14,78.841733333,N,N,2024-01-31,2026-09-18 19:12:03
A00000334,C0000173,MMA,D,2012-12-22,,20169.41,20112.07,0,0.0434,B026,O0033,2024-01-19,Jennifer,Clark,0b6bc77201485dd250dd9e943c09810c,2002-02-12,PREM,1,SW,jennifer.clark173@example.com,555-596-9205,133,12,,N,N,2024-01-31,2026-09-18 19:12:03
A00000335,C0000173,MTG,D,2007-10-22,,709489.91,709423.84,0,0.0678,B013,O0044,2024-01-17,Jennifer,Clark,0b6bc77201485dd250dd9e943c09810c,2002-02-12,PREM,1,SW,jennifer.clark173@example.com,555-596-9205,195,14,,N,Y,2024-01-31,2026-09-18 19:12:03
A00000336,C0000174,SAV,A,2014-05-20,,38631.63,38391.37,0,0.0298,B009,O0099,2024-01-23,Betty,Lee,0649206d3797134e7f7261ca100782a4,1976-03-31,RET,3,SW,betty.lee174@example.com,555-581-1178,116,8,,N,N,2024-01-31,2026-09-18 19:12:03
A00000337,C0000174,MTG,A,2011-06-30,,286921.78,286812.96,0,0.0637,B016,O0007,2024-01-17,Betty,Lee,0649206d3797134e7f7261ca100782a4,1976-03-31,RET,3,SW,betty.lee174@example.com,555-581-1178,151,14,,N,Y,2024-01-31,2026-09-18 19:12:03
A00000338,C0000174,IRA,A,2021-10-25,,176537.84,176536.72,0,0.0492,B011,O0104,2024-01-20,Betty,Lee,0649206d3797134e7f7261ca100782a4,1976-03-31,RET,3,SW,betty.lee174@example.com,555-581-1178,27,11,,N,N,2024-01-31,2026-09-18 19:12:03
A00000339,C0000174,CC,A,2022-03-24,,5700.36,9299.64,15000,0.2407,B003,O0074,2024-01-23,Betty,Lee,0649206d3797134e7f7261ca100782a4,1976-03-31,RET,3,SW,betty.lee174@example.com,555-581-1178,22,8,38.0024,N,N,2024-01-31,2026-09-18 19:12:03
A00000341,C0000176,MTG,A,2018-05-17,,429685.68,429538.57,0,0.0627,B047,O0117,2024-01-21,Robert,Jackson,03b888d970f21d76effd9932e8ff689b,2000-04-06,RET,6,SW,robert.jackson176@example.com,555-323-5448,68,10,,N,Y,2024-01-31,2026-09-18 19:12:03
A00000342,C0000176,CHK,A,2008-04-26,,2733.39,2665.23,0,0.001,B013,O0042,2024-01-31,Robert,Jackson,03b888d970f21d76effd9932e8ff689b,2000-04-06,RET,6,SW,robert.jackson176@example.com,555-323-5448,189,0,,N,N,2024-01-31,2026-09-18 19:12:03
A00000343,C0000177,CHK,A,2012-05-09,,158863.6,158730.82,0,0.0011,B002,O0060,2024-01-25,Karen,Jones,dd03bc34692e1737b4f930f79c0c42eb,1987-09-10,RET,,W,karen.jones177@example.com,555-652-0417,140,6,,N,N,2024-01-31,2026-09-18 19:12:03
A00000344,C0000178,MTG,A,2021-11-05,,557733.42,557722.11,0,0.063,B040,O0043,2023-11-14,Sandra,Thompson,3d98ee0ed1d8f230ee589dc342af8298,1965-08-24,RET,1,SE,sandra.thompson178@example.com,555-505-5056,26,78,,N,Y,2024-01-31,2026-09-18 19:12:03
A00000345,C0000178,CHK,R,2011-12-29,,3223.77,3011.05,0,0.0009,B025,O0059,2024-01-30,Sandra,Thompson,3d98ee0ed1d8f230ee589dc342af8298,1965-08-24,RET,1,SE,sandra.thompson178@example.com,555-505-5056,145,1,,N,N,2024-01-31,2026-09-18 19:12:03
A00000346,C0000179,MTG,F,2016-12-08,,407249.67,407131.75,0,0.0654,B021,O0041,2023-10-23,Andrew,Carter,16bab9ea4298ee2372766e8055ae6c56,1965-03-03,PREM,5,NE,andrew.carter179@example.com,555-518-1792,85,100,,N,Y,2024-01-31,2026-09-18 19:12:03
A00000347,C0000180,CHK,A,2012-01-23,,31691.08,31462.47,0,0.0011,B005,O0085,2023-11-10,Matthew,Martin,9753a4f43652a7047b80a1be28256801,1958-02-19,CORP,,NW,matthew.martin180@example.com,555-300-2133,144,82,,N,N,2024-01-31,2026-09-18 19:12:03
A00000348,C0000180,CC,A,2017-11-28,,686.97,813.03,1500,0.2305,B004,O0115,2024-01-20,Matthew,Martin,9753a4f43652a7047b80a1be28256801,1958-02-19,CORP,,NW,matthew.martin180@example.com,555-300-2133,74,11,45.798,N,N,2024-01-31,2026-09-18 19:12:03
A00000349,C0000181,HELC,F,2018-12-30,,38103.41,211896.59,250000,0.0847,B002,O0095,2024-01-26,Daniel,Green,a44c317eb525dad00315b161667d0fd7,2001-04-30,PREM,5,NW,daniel.green181@example.com,555-705-7708,61,5,15.241364,N,N,2024-01-31,2026-09-18 19:12:03
A00000350,C0000182,AUTO,A,2022-05-22,,46092.89,46006.74,0,0.0862,B020,O0003,2024-01-19,Anthony,Miller,1c136b43bb8e8078bd44368b5bbef37f,1963-06-20,SMB,2,NW,anthony.miller182@example.com,555-700-1577,20,12,,N,N,2024-01-31,2026-09-18 19:12:03
A00000351,C0000182,MTG,A,2021-03-13,,589461.08,589349.14,0,0.0621,B015,O0067,2024-01-17,Anthony,Miller,1c136b43bb8e8078bd44368b5bbef37f,1963-06-20,SMB,2,NW,anthony.miller182@example.com,555-700-1577,34,14,,N,Y,2024-01-31,2026-09-18 19:12:03
A00000353,C0000184,CD,A,2013-10-16,,-1242.33,0,0,0.0463,B032,O0030,2024-01-22,Edward,King,912411d66633838e553165f77bf25f62,1964-09-17,CORP,5,W,edward.king184@example.com,555-402-3351,123,9,,N,N,2024-01-31,2026-09-18 19:12:03
A00000354,C0000185,MMA,A,2021-11-09,,22291.13,22235.83,0,0.0394,B040,O0096,2023-12-26,Mary,Baker,f8005dcc2ebe3b3af5bdf3eb2fd5a6fb,1978-12-06,PB,7,MW,mary.baker185@example.com,555-867-2598,26,36,,N,N,2024-01-31,2026-09-18 19:12:03
A00000355,C0000185,CC,A,2012-11-17,,722.95,2277.05,3000,0.2328,B010,O0054,2024-01-26,Mary,Baker,f8005dcc2ebe3b3af5bdf3eb2fd5a6fb,1978-12-06,PB,7,MW,mary.baker185@example.com,555-867-2598,134,5,24.098333333,N,N,2024-01-31,2026-09-18 19:12:03
A00000356,C0000186,CHK,A,2013-10-22,,2050.73,2042.43,0,0.0009,B027,O0049,2024-01-18,Mary,Torres,8fdc8c19d6328e92005ddfa404afb12a,1970-02-19,PREM,2,NE,mary.torres186@example.com,555-398-5754,123,13,,N,N,2024-01-31,2026-09-18 19:12:03
A00000357,C0000186,CHK,A,2021-11-18,,2812.36,2581.73,0,0.0009,B037,O0099,2024-01-24,Mary,Torres,8fdc8c19d6328e92005ddfa404afb12a,1970-02-19,PREM,2,NE,mary.torres186@example.com,555-398-5754,26,7,,N,N,2024-01-31,2026-09-18 19:12:03
A00000358,C0000187,CC,A,2017-07-14,,15770.04,9229.96,25000,0.2036,B041,O0075,2024-01-18,Michael,Sanchez,b7afc0ce53231054dbe254b62f59b819,1969-05-28,RET,3,NE,michael.sanchez187@example.com,555-535-1625,78,13,63.08016,N,N,2024-01-31,2026-09-18 19:12:03
A00000359,C0000187,CC,A,2013-07-16,,2833.48,4666.52,7500,0.2401,B012,O0026,2023-10-04,Michael,Sanchez,b7afc0ce53231054dbe254b62f59b819,1969-05-28,RET,3,NE,michael.sanchez187@example.com,555-535-1625,126,119,37.779733333,N,N,2024-01-31,2026-09-18 19:12:03
A00000360,C0000187,CC,A,2012-01-07,,6191.29,18808.71,25000,0.2482,B043,O0105,2023-11-24,Michael,Sanchez,b7afc0ce53231054dbe254b62f59b819,1969-05-28,RET,3,NE,michael.sanchez187@example.com,555-535-1625,144,68,24.76516,N,N,2024-01-31,2026-09-18 19:12:03
A00000361,C0000187,PERS,A,2019-10-01,,35261.24,35259.06,0,0.1285,B047,O0069,2024-01-26,Michael,Sanchez,b7afc0ce53231054dbe254b62f59b819,1969-05-28,RET,3,NE,michael.sanchez187@example.com,555-535-1625,51,5,,N,N,2024-01-31,2026-09-18 19:12:03
A00000362,C0000188,MTG,A,2020-08-12,,126499.81,126440.49,0,0.0647,B008,O0067,2024-01-30,Betty,Davis,695792b3b8589907df9e13759315bea4,1962-02-13,SMB,2,NE,betty.davis188@example.com,555-518-2393,41,1,,N,N,2024-01-31,2026-09-18 19:12:03
A00000363,C0000188,SAV,D,2008-06-13,,14340.22,14162.42,0,0.0357,B038,O0110,2023-11-25,Betty,Davis,695792b3b8589907df9e13759315bea4,1962-02-13,SMB,2,NE,betty.davis188@example.com,555-518-2393,187,67,,N,N,2024-01-31,2026-09-18 19:12:03
A00000365,C0000190,SAV,A,2012-03-31,,1181.99,1040.37,0,0.0313,B032,O0090,2024-01-27,Jennifer,Clark,0069f592d9694e5d56d11630a764e3b7,1998-07-22,SMB,,SW,jennifer.clark190@example.com,555-723-3821,142,4,,N,N,2024-01-31,2026-09-18 19:12:03
A00000366,C0000190,CHK,A,2010-11-20,,2758.33,2641,0,0.0009,B042,O0075,2024-01-29,Jennifer,Clark,0069f592d9694e5d56d11630a764e3b7,1998-07-22,SMB,,SW,jennifer.clark190@example.com,555-723-3821,158,2,,N,N,2024-01-31,2026-09-18 19:12:03
A00000367,C0000191,SAV,A,2008-11-21,,6881.22,6731.89,0,0.0352,B042,O0095,2024-01-23,Donald,Rivera,72dfebb9a7e66bbe00a51f607a96dabd,1967-08-31,SMB,1,SE,donald.rivera191@example.com,555-964-5846,182,8,,N,N,2024-01-31,2026-09-18 19:12:03
A00000368,C0000191,CC,A,2007-02-27,,9971.89,28.11,10000,0.2138,B043,O0108,2024-01-24,Donald,Rivera,72dfebb9a7e66bbe00a51f607a96dabd,1967-08-31,SMB,1,SE,donald.rivera191@example.com,555-964-5846,203,7,99.7189,N,N,2024-01-31,2026-09-18 19:12:03
A00000369,C0000192,CC,A,2023-10-01,,988.27,4011.73,5000,0.2115,B014,O0031,2024-01-22,John,Hernandez,8a346aeae28e9cd77d5c51382992c4cd,1996-10-07,SMB,2,W,john.hernandez192@example.com,555-782-9815,3,9,19.7654,N,N,2024-01-31,2026-09-18 19:12:03
A00000370,C0000192,MMA,A,2017-03-03,,152495.62,152412.18,0,0.042,B019,O0120,2024-01-23,John,Hernandez,8a346aeae28e9cd77d5c51382992c4cd,1996-10-07,SMB,2,W,john.hernandez192@example.com,555-782-9815,82,8,,N,N,2024-01-31,2026-09-18 19:12:03
A00000371,C0000192,CHK,A,2016-06-13,,15024.86,15012.82,0,0.0011,B048,O0098,2023-02-11,John,Hernandez,8a346aeae28e9cd77d5c51382992c4cd,1996-10-07,SMB,2,W,john.hernandez192@example.com,555-782-9815,91,354,,N,N,2024-01-31,2026-09-18 19:12:03
A00000372,C0000192,SAV,A,2016-09-20,,3060.87,2893.53,0,0.0287,B030,O0114,2024-01-17,John,Hernandez,8a346aeae28e9cd77d5c51382992c4cd,1996-10-07,SMB,2,W,john.hernandez192@example.com,555-782-9815,88,14,,N,N,2024-01-31,2026-09-18 19:12:03
A00000373,C0000193,CD,A,2013-09-20,,69683.06,69433.62,0,0.0487,B048,O0032,2023-12-23,Joshua,Lopez,aca627edcd1c9fdcf074f72659193ab4,1960-10-03,SMB,2,SW,joshua.lopez193@example.com,555-921-6157,124,39,,N,N,2024-01-31,2026-09-18 19:12:03
A00000374,C0000193,CHK,A,2021-07-25,,16513.25,16292.41,0,0.001,B041,O0092,2024-01-21,Joshua,Lopez,aca627edcd1c9fdcf074f72659193ab4,1960-10-03,SMB,2,SW,joshua.lopez193@example.com,555-921-6157,30,10,,N,N,2024-01-31,2026-09-18 19:12:03
A00000375,C0000193,MTG,A,2010-04-16,,693543.89,693484.09,0,0.0594,B036,O0104,2024-01-19,Joshua,Lopez,aca627edcd1c9fdcf074f72659193ab4,1960-10-03,SMB,2,SW,joshua.lopez193@example.com,555-921-6157,165,12,,N,Y,2024-01-31,2026-09-18 19:12:03
A00000376,C0000194,CC,A,2023-10-02,,1408.73,1591.27,3000,0.2238,B028,O0062,2024-01-30,Ashley,Smith,e1b1d4b69abf45cd932a893a84183219,2002-01-11,RET,1,SW,ashley.smith194@example.com,555-321-0954,3,1,46.957666667,N,N,2024-01-31,2026-09-18 19:12:03
A00000377,C0000195,CHK,F,2019-06-15,,3368.7,3146.59,0,0.001,B046,O0008,2023-10-18,Patricia,Nelson,50e392383fbe95434ee7cc6be0287194,1956-04-07,RET,3,SW,patricia.nelson195@example.com,555-863-3410,55,105,,N,N,2024-01-31,2026-09-18 19:12:03
A00000378,C0000195,MTG,A,2011-09-13,,460583.36,460453.14,0,0.0713,B002,O0043,2024-01-22,Patricia,Nelson,50e392383fbe95434ee7cc6be0287194,1956-04-07,RET,3,SW,patricia.nelson195@example.com,555-863-3410,148,9,,N,Y,2024-01-31,2026-09-18 19:12:03
A00000379,C0000195,CHK,A,2010-10-22,,3161.45,2958.32,0,0.001,B006,O0011,2024-01-21,Patricia,Nelson,50e392383fbe95434ee7cc6be0287194,1956-04-07,RET,3,SW,patricia.nelson195@example.com,555-863-3410,159,10,,N,N,2024-01-31,2026-09-18 19:12:03
A00000380,C0000196,CHK,A,2016-01-25,,6220.21,6135.88,0,0.0009,B009,O0045,2024-01-30,Kevin,Walker,b5466a95fe6578ec26836b81c6e4a475,1986-03-01,PB,3,NW,kevin.walker196@example.com,555-486-8921,96,1,,N,N,2024-01-31,2026-09-18 19:12:03
A00000381,C0000196,CC,A,2014-03-14,,494.64,1005.36,1500,0.2377,B039,O0022,2024-01-19,Kevin,Walker,b5466a95fe6578ec26836b81c6e4a475,1986-03-01,PB,3,NW,kevin.walker196@example.com,555-486-8921,118,12,32.976,N,N,2024-01-31,2026-09-18 19:12:03
A00000382,C0000197,SAV,A,2023-02-03,,2241.86,2136.09,0,0.0345,B029,O0018,2023-02-16,Andrew,King,b702070231c33a47541cc15ec3d1e0c4,1978-06-24,RET,4,SW,andrew.king197@example.com,555-798-3330,11,349,,N,N,2024-01-31,2026-09-18 19:12:03
A00000383,C0000198,LOC,F,2023-02-24,,1371.05,8628.95,10000,0.1034,B004,O0060,2024-01-23,Joseph,Martinez,2b826cf48305fd1f31af037ffe732c1d,1977-06-19,RET,2,SW,joseph.martinez198@example.com,555-989-3699,11,8,13.7105,N,N,2024-01-31,2026-09-18 19:12:03
A00000384,C0000198,IRA,A,2018-06-05,,32306.46,32197.3,0,0.0416,B016,O0073,2023-12-24,Joseph,Martinez,2b826cf48305fd1f31af037ffe732c1d,1977-06-19,RET,2,SW,joseph.martinez198@example.com,555-989-3699,67,38,,N,N,2024-01-31,2026-09-18 19:12:03
A00000385,C0000199,CHK,A,2016-06-26,,4792.37,4614.63,0,0.0009,B024,O0091,2023-11-24,Michael,Torres,3db3dbd0d8470854569491c84e8aec56,1953-08-27,RET,4,SE,michael.torres199@example.com,555-679-9662,91,68,,N,N,2024-01-31,2026-09-18 19:12:03
A00000386,C0000199,AUTO,A,2014-04-04,,31629.68,31469,0,0.0801,B019,O0094,2024-01-23,Michael,Torres,3db3dbd0d8470854569491c84e8aec56,1953-08-27,RET,4,SE,michael.torres199@example.com,555-679-9662,117,8,,N,N,2024-01-31,2026-09-18 19:12:03
A00000387,C0000200,MTG,A,2013-08-08,,374621.3,374382,0,0.0604,B030,O0111,2023-12-19,Melissa,King,389ddf13815786639b606faa2e89498f,1993-08-11,CORP,3,NW,melissa.king200@example.com,555-790-8446,125,43,,N,Y,2024-01-31,2026-09-18 19:12:03
A00000388,C0000200,PERS,A,2016-11-05,,32703.81,32582.31,0,0.1427,B016,O0072,2023-11-28,Melissa,King,389ddf13815786639b606faa2e89498f,1993-08-11,CORP,3,NW,melissa.king200@example.com,555-790-8446,86,64,,N,N,2024-01-31,2026-09-18 19:12:03
A00000389,C0000200,SAV,A,2012-07-11,,12898.1,12886.2,0,0.0318,B001,O0042,2024-01-29,Melissa,King,389ddf13815786639b606faa2e89498f,1993-08-11,CORP,3,NW,melissa.king200@example.com,555-790-8446,138,2,,N,N,2024-01-31,2026-09-18 19:12:03
A00000390,C0000201,IRA,A,2023-12-10,,34141.32,34058.19,0,0.0443,B034,O0051,2023-12-10,Lisa,Jackson,b368ec91924c40f4ad20fd3a58dfee80,1980-10-08,RET,6,NE,lisa.jackson201@example.com,555-445-0534,1,52,,N,N,2024-01-31,2026-09-18 19:12:03
A00000391,C0000202,CC,A,2008-07-05,,2039.87,2960.13,5000,0.2176,B046,O0013,2023-01-02,Margaret,Mitchell,4d310547c068a440de37a3cfb1964497,1951-08-30,RET,2,NW,margaret.mitchell202@example.com,555-302-1053,186,394,40.7974,Y,N,2024-01-31,2026-09-18 19:12:03
A00000392,C0000203,MTG,A,2018-09-11,,488867,488815.53,0,0.0671,B038,O0102,2024-01-25,Emily,Torres,e56467ed8f7628c3ade07834de57f10c,1979-03-08,RET,3,NW,emily.torres203@example.com,555-441-0341,64,6,,N,Y,2024-01-31,2026-09-18 19:12:03
A00000393,C0000203,CC,A,2007-06-10,,1377.69,6122.31,7500,0.2338,B018,O0048,2023-04-28,Emily,Torres,e56467ed8f7628c3ade07834de57f10c,1979-03-08,RET,3,NW,emily.torres203@example.com,555-441-0341,199,278,18.3692,N,N,2024-01-31,2026-09-18 19:12:03
A00000394,C0000203,CHK,S,2008-06-13,,6286.74,6270.14,0,0.001,B037,O0091,2024-01-22,Emily,Torres,e56467ed8f7628c3ade07834de57f10c,1979-03-08,RET,3,NW,emily.torres203@example.com,555-441-0341,187,9,,N,N,2024-01-31,2026-09-18 19:12:03
A00000395,C0000204,MTG,A,2010-02-14,,531992.02,531831.76,0,0.0742,B037,O0013,2023-11-12,Joseph,Torres,3ef872939114d3a8a5bcb023da043d1d,1968-10-13,COMM,7,W,joseph.torres204@example.com,555-637-1275,167,80,,N,Y,2024-01-31,2026-09-18 19:12:03
A00000396,C0000204,CD,D,2007-09-13,,74732.42,74688.48,0,0.0497,B015,O0013,2024-01-23,Joseph,Torres,3ef872939114d3a8a5bcb023da043d1d,1968-10-13,COMM,7,W,joseph.torres204@example.com,555-637-1275,196,8,,N,N,2024-01-31,2026-09-18 19:12:03
A00000397,C0000205,CC,A,2007-07-20,,17186.53,7813.47,25000,0.2212,B002,O0099,2024-01-08,David,Miller,b51aa2dab0a15323aeda7c92d2e470c7,1959-06-29,PB,2,NE,david.miller205@example.com,555-645-7657,198,23,68.74612,N,N,2024-01-31,2026-09-18 19:12:03
A00000400,C0000206,MTG,A,2010-01-30,,91647.13,91520.65,0,0.0685,B034,O0108,2024-01-25,Margaret,Roberts,540e22c69c40672189dc41c74c4f5bde,1970-03-10,PREM,3,MW,margaret.roberts206@example.com,555-562-5406,168,6,,N,N,2024-01-31,2026-09-18 19:12:03
A00000401,C0000207,CHK,A,2014-06-17,,1893.2,1742.75,0,0.001,B001,O0034,2024-01-25,Anthony,King,4806dc18baab40a8c7b0a252219dc56c,1952-06-13,RET,3,SE,anthony.king207@example.com,555-335-2120,115,6,,N,N,2024-01-31,2026-09-18 19:12:03
A00000402,C0000207,CC,A,2009-11-08,,1330.77,3669.23,5000,0.2407,B037,O0012,2024-01-30,Anthony,King,4806dc18baab40a8c7b0a252219dc56c,1952-06-13,RET,3,SE,anthony.king207@example.com,555-335-2120,170,1,26.6154,N,N,2024-01-31,2026-09-18 19:12:03
A00000403,C0000207,CHK,A,2019-09-26,,4303.79,4162.31,0,0.0011,B029,O0059,2024-01-19,Anthony,King,4806dc18baab40a8c7b0a252219dc56c,1952-06-13,RET,3,SE,anthony.king207@example.com,555-335-2120,52,12,,N,N,2024-01-31,2026-09-18 19:12:03
A00000404,C0000208,CC,A,2008-06-21,,8167.93,6832.07,15000,0.217,B040,O0120,2023-10-31,Robert,Nguyen,d8e2cb7cbc13a4a60cba925b80cabbd0,1986-12-29,RET,2,MW,robert.nguyen208@example.com,555-654-4572,187,92,54.452866667,N,N,2024-01-31,2026-09-18 19:12:03
A00000405,C0000208,CC,A,2008-09-12,,2154.98,12845.02,15000,0.2216,B032,O0095,2024-01-18,Robert,Nguyen,d8e2cb7cbc13a4a60cba925b80cabbd0,1986-12-29,RET,2,MW,robert.nguyen208@example.com,555-654-4572,184,13,14.366533333,N,N,2024-01-31,2026-09-18 19:12:03
A00000406,C0000209,AUTO,A,2015-06-23,,52369.63,52236.13,0,0.077,B027,O0033,2024-01-18,James,Miller,b42556997ce478b8c5b9f553d183394a,1979-05-28,SMB,6,MW,james.miller209@example.com,555-632-8676,103,13,,N,N,2024-01-31,2026-09-18 19:12:03
A00000407,C0000209,CC,A,2016-10-31,,4392.62,5607.38,10000,0.2246,B045,O0034,2023-10-06,James,Miller,b42556997ce478b8c5b9f553d183394a,1979-05-28,SMB,6,MW,james.miller209@example.com,555-632-8676,87,117,43.9262,N,N,2024-01-31,2026-09-18 19:12:03
A00000408,C0000209,CHK,A,2019-06-20,,15804.68,15780.51,0,0.001,B046,O0030,2024-01-25,James,Miller,b42556997ce478b8c5b9f553d183394a,1979-05-28,SMB,6,MW,james.miller209@example.com,555-632-8676,55,6,,N,N,2024-01-31,2026-09-18 19:12:03
A00000409,C0000210,CC,A,2015-02-03,,8725.52,6274.48,15000,0.2059,B008,O0029,2024-01-24,Lisa,Green,057c0c934a136c90f80b211e29591bb3,1955-06-10,SMB,3,SE,lisa.green210@example.com,555-227-8687,107,7,58.170133333,N,N,2024-01-31,2026-09-18 19:12:03
A00000410,C0000210,PERS,A,2021-07-20,,28613.38,28364.33,0,0.1258,B004,O0003,2023-11-12,Lisa,Green,057c0c934a136c90f80b211e29591bb3,1955-06-10,SMB,3,SE,lisa.green210@example.com,555-227-8687,30,80,,N,N,2024-01-31,2026-09-18 19:12:03
A00000411,C0000211,IRA,A,2008-09-11,,3055.82,2815.87,0,0.0454,B001,O0079,2024-01-17,Richard,Williams,c4341686eab7d3c3dc6366a5db5bc498,1976-07-25,RET,2,NW,richard.williams211@example.com,555-923-4249,184,14,,N,N,2024-01-31,2026-09-18 19:12:03
A00000412,C0000212,CHK,A,2007-06-20,,2550.14,2538.62,0,0.0009,B048,O0082,2024-01-28,Dorothy,Adams,59c384be4b4b81fe47f9a6fa2dbdc6c7,1985-02-18,PREM,5,SE,dorothy.adams212@example.com,555-762-4229,199,3,,N,N,2024-01-31,2026-09-18 19:12:03
A00000413,C0000212,CHK,A,2016-06-19,,5267.99,5260.3,0,0.001,B016,O0079,2024-01-20,Dorothy,Adams,59c384be4b4b81fe47f9a6fa2dbdc6c7,1985-02-18,PREM,5,SE,dorothy.adams212@example.com,555-762-4229,91,11,,N,N,2024-01-31,2026-09-18 19:12:03
A00000414,C0000213,CHK,A,2014-01-29,,198.3,0,0,0.0009,B030,O0050,2022-06-09,James,Brown,d1b3ded441825c6a13315a06bcef4568,2002-12-01,RET,4,W,james.brown213@example.com,555-844-8950,120,601,,Y,N,2024-01-31,2026-09-18 19:12:03
A00000415,C0000214,CC,A,2014-12-16,,8202.87,16797.13,25000,0.2004,B038,O0084,2024-01-25,Edward,Carter,6dcb4d6dd9cb78fb40e238c7427a2133,1975-12-01,PREM,6,NE,edward.carter214@example.com,555-267-9425,109,6,32.81148,N,N,2024-01-31,2026-09-18 19:12:03
A00000416,C0000214,MMA,A,2009-07-13,,138105.29,138094.57,0,0.0369,B017,O0115,2024-01-31,Edward,Carter,6dcb4d6dd9cb78fb40e238c7427a2133,1975-12-01,PREM,6,NE,edward.carter214@example.com,555-267-9425,174,0,,N,N,2024-01-31,2026-09-18 19:12:03
A00000417,C0000214,CHK,A,2014-09-15,,4263.44,4057.36,0,0.0011,B026,O0084,2023-11-30,Edward,Carter,6dcb4d6dd9cb78fb40e238c7427a2133,1975-12-01,PREM,6,NE,edward.carter214@example.com,555-267-9425,112,62,,N,N,2024-01-31,2026-09-18 19:12:03
A00000418,C0000215,IRA,A,2021-10-23,,18831.36,18715.35,0,0.0419,B032,O0027,2024-01-28,Andrew,Baker,5cb6b70c3f34cc4965f9d1ee1f549313,1979-12-31,RET,,NE,andrew.baker215@example.com,555-905-7621,27,3,,N,N,2024-01-31,2026-09-18 19:12:03
A00000419,C0000215,CD,A,2019-06-17,,63148.3,63035.42,0,0.0479,B013,O0095,2024-01-28,Andrew,Baker,5cb6b70c3f34cc4965f9d1ee1f549313,1979-12-31,RET,,NE,andrew.baker215@example.com,555-905-7621,55,3,,N,N,2024-01-31,2026-09-18 19:12:03
A00000420,C0000216,CC,A,2013-09-29,,18148.24,6851.76,25000,0.228,B009,O0011,2024-01-27,Ronald,Hill,71183f6d7e9fc6b8ff19e3eb5f22c5a7,1980-02-20,PREM,3,MW,ronald.hill216@example.com,555-958-9857,124,4,72.59296,N,N,2024-01-31,2026-09-18 19:12:03
A00000421,C0000216,SAV,A,2008-07-12,,3854.92,3817.25,0,0.0316,B015,O0080,2022-10-13,Ronald,Hill,71183f6d7e9fc6b8ff19e3eb5f22c5a7,1980-02-20,PREM,3,MW,ronald.hill216@example.com,555-958-9857,186,475,,Y,N,2024-01-31,2026-09-18 19:12:03
A00000422,C0000217,CHK,A,2016-08-19,,1515.99,1469.32,0,0.0011,B045,O0039,2023-10-03,Kenneth,Gonzalez,c78017fe788fb1a27abbdcf1225454f8,1955-01-01,RET,6,NW,kenneth.gonzalez217@example.com,555-752-4827,89,120,,N,N,2024-01-31,2026-09-18 19:12:03
A00000423,C0000218,CC,F,2009-06-01,,2886.08,7113.92,10000,0.2157,B040,O0041,2024-01-23,Paul,Green,4c48b92d8f7569118011747b9e8067ab,2000-06-09,PREM,5,SW,paul.green218@example.com,555-575-2572,175,8,28.8608,N,N,2024-01-31,2026-09-18 19:12:03
A00000424,C0000218,CHK,A,2011-04-18,,832.49,770.82,0,0.0011,B027,O0064,2024-01-31,Paul,Green,4c48b92d8f7569118011747b9e8067ab,2000-06-09,PREM,5,SW,paul.green218@example.com,555-575-2572,153,0,,N,N,2024-01-31,2026-09-18 19:12:03
A00000425,C0000219,IRA,A,2021-07-02,,10742.3,10674.95,0,0.0403,B025,O0117,2024-01-30,Michelle,Baker,2c63ec2555e5d9c812ab21de7ba5c39c,1986-08-24,RET,3,MW,michelle.baker219@example.com,555-606-0209,30,1,,N,N,2024-01-31,2026-09-18 19:12:03
A00000426,C0000219,CC,D,2008-03-24,,7454.97,2545.03,10000,0.1995,B041,O0051,2024-01-04,Michelle,Baker,2c63ec2555e5d9c812ab21de7ba5c39c,1986-08-24,RET,3,MW,michelle.baker219@example.com,555-606-0209,190,27,74.5497,N,N,2024-01-31,2026-09-18 19:12:03
A00000427,C0000219,CHK,A,2008-09-28,,976.87,806.97,0,0.001,B014,O0003,2021-08-20,Michelle,Baker,2c63ec2555e5d9c812ab21de7ba5c39c,1986-08-24,RET,3,MW,michelle.baker219@example.com,555-606-0209,184,894,,Y,N,2024-01-31,2026-09-18 19:12:03
A00000428,C0000219,CHK,A,2016-06-25,,9703.94,9665.52,0,0.0009,B010,O0017,2024-01-05,Michelle,Baker,2c63ec2555e5d9c812ab21de7ba5c39c,1986-08-24,RET,3,MW,michelle.baker219@example.com,555-606-0209,91,26,,N,N,2024-01-31,2026-09-18 19:12:03
A00000429,C0000220,LOC,A,2007-12-07,,9147.76,40852.24,50000,0.1145,B033,O0037,2023-08-02,Edward,Hernandez,b3af5e4acb9f9372552552984fbf84a9,1972-03-02,PREM,3,NW,edward.hernandez220@example.com,555-317-5869,193,182,18.29552,N,N,2024-01-31,2026-09-18 19:12:03
A00000430,C0000221,MMA,A,2013-06-15,,143580.34,143342.79,0,0.04,B042,O0049,2023-05-17,Brian,Harris,72cb903649d59f46d2a02fb78ed83d5a,1959-02-15,RET,4,W,brian.harris221@example.com,555-441-0836,127,259,,N,N,2024-01-31,2026-09-18 19:12:03
A00000431,C0000222,PERS,A,2018-05-06,,13839.28,13676.83,0,0.1393,B002,O0072,2024-01-18,Kenneth,Johnson,fe502dd85507424cfa2eb4ea20f2af0c,1996-01-15,RET,4,SW,kenneth.johnson222@example.com,555-737-9925,68,13,,N,N,2024-01-31,2026-09-18 19:12:03
A00000432,C0000222,CHK,A,2018-02-12,,97635.8,97420.43,0,0.0009,B019,O0088,2024-01-17,Kenneth,Johnson,fe502dd85507424cfa2eb4ea20f2af0c,1996-01-15,RET,4,SW,kenneth.johnson222@example.com,555-737-9925,71,14,,N,N,2024-01-31,2026-09-18 19:12:03
A00000433,C0000223,SAV,A,2007-12-27,,9399.09,9334.17,0,0.0325,B043,O0002,2024-01-29,Daniel,Martin,333ebd06d5d9ac54791faca6d8d08948,1953-11-18,PREM,2,W,daniel.martin223@example.com,555-581-0872,193,2,,N,N,2024-01-31,2026-09-18 19:12:03
A00000434,C0000223,CHK,A,2023-07-10,,315.25,185.49,0,0.0009,B018,O0053,2024-01-29,Daniel,Martin,333ebd06d5d9ac54791faca6d8d08948,1953-11-18,PREM,2,W,daniel.martin223@example.com,555-581-0872,6,2,,N,N,2024-01-31,2026-09-18 19:12:03
A00000435,C0000223,PERS,A,2021-07-03,,31665.7,31423.42,0,0.1425,B023,O0002,2023-10-30,Daniel,Martin,333ebd06d5d9ac54791faca6d8d08948,1953-11-18,PREM,2,W,daniel.martin223@example.com,555-581-0872,30,93,,N,N,2024-01-31,2026-09-18 19:12:03
A00000436,C0000224,CHK,A,2015-10-21,,25913.07,25733.87,0,0.0009,B032,O0034,2023-11-12,Donna,Rodriguez,1ad17ef5e07c20dfbb87da176d1f64d5,1966-10-27,PB,2,NW,donna.rodriguez224@example.com,555-872-2954,99,80,,N,N,2024-01-31,2026-09-18 19:12:03
A00000437,C0000224,CC,A,2022-04-25,,119.42,1380.58,1500,0.2475,B026,O0071,2024-01-31,Donna,Rodriguez,1ad17ef5e07c20dfbb87da176d1f64d5,1966-10-27,PB,2,NW,donna.rodriguez224@example.com,555-872-2954,21,0,7.9613333333,N,N,2024-01-31,2026-09-18 19:12:03
A00000438,C0000225,MTG,A,2013-10-11,,352913.13,352697.58,0,0.0593,B028,O0031,2024-01-14,William,Clark,e405d944a8082f9d868b5f6b10e57bd6,1966-01-29,RET,4,W,william.clark225@example.com,555-668-9300,123,17,,N,Y,2024-01-31,2026-09-18 19:12:03
A00000439,C0000226,AUTO,A,2023-06-19,,35772.34,35695.77,0,0.0807,B015,O0012,2024-01-27,Kenneth,Thompson,2251e04c57e0b85da564672110bc11ee,1993-07-06,RET,5,W,kenneth.thompson226@example.com,555-703-1249,7,4,,N,N,2024-01-31,2026-09-18 19:12:03
A00000440,C0000226,IRA,A,2023-09-29,,9828.8,9654.68,0,0.0415,B036,O0079,2024-01-25,Kenneth,Thompson,2251e04c57e0b85da564672110bc11ee,1993-07-06,RET,5,W,kenneth.thompson226@example.com,555-703-1249,4,6,,N,N,2024-01-31,2026-09-18 19:12:03
A00000441,C0000226,AUTO,A,2009-07-17,,44413.21,44293.87,0,0.0873,B047,O0028,2024-01-18,Kenneth,Thompson,2251e04c57e0b85da564672110bc11ee,1993-07-06,RET,5,W,kenneth.thompson226@example.com,555-703-1249,174,13,,N,N,2024-01-31,2026-09-18 19:12:03
A00000442,C0000226,PERS,A,2011-09-07,,14563.5,14362.41,0,0.1263,B028,O0011,2024-01-24,Kenneth,Thompson,2251e04c57e0b85da564672110bc11ee,1993-07-06,RET,5,W,kenneth.thompson226@example.com,555-703-1249,148,7,,N,N,2024-01-31,2026-09-18 19:12:03
A00000443,C0000227,AUTO,A,2014-06-11,,50811.6,50805.18,0,0.0865,B005,O0024,2024-01-29,Charles,Martinez,54df47a510ed0d00536c48033294c84e,1998-03-16,PREM,4,NW,charles.martinez227@example.com,555-592-8530,115,2,,N,N,2024-01-31,2026-09-18 19:12:03
A00000444,C0000227,SAV,A,2021-10-13,,8143.07,8009.33,0,0.0309,B022,O0094,2024-01-28,Charles,Martinez,54df47a510ed0d00536c48033294c84e,1998-03-16,PREM,4,NW,charles.martinez227@example.com,555-592-8530,27,3,,N,N,2024-01-31,2026-09-18 19:12:03
A00000445,C0000227,MTG,R,2012-04-06,,284649.93,284409.75,0,0.0693,B034,O0025,2022-10-29,Charles,Martinez,54df47a510ed0d00536c48033294c84e,1998-03-16,PREM,4,NW,charles.martinez227@example.com,555-592-8530,141,459,,N,Y,2024-01-31,2026-09-18 19:12:03
A00000446,C0000227,CHK,A,2007-12-13,,5676.14,5486.06,0,0.001,B017,O0026,2023-10-04,Charles,Martinez,54df47a510ed0d00536c48033294c84e,1998-03-16,PREM,4,NW,charles.martinez227@example.com,555-592-8530,193,119,,N,N,2024-01-31,2026-09-18 19:12:03
A00000448,C0000228,MTG,A,2018-08-12,,372150.74,372118.07,0,0.0661,B011,O0006,2024-01-30,Betty,White,eda15cd7cc5a1291aabbc4f78cb936cd,2002-02-03,SMB,5,SW,betty.white228@example.com,555-785-3695,65,1,,N,Y,2024-01-31,2026-09-18 19:12:03
A00000449,C0000229,SAV,A,2010-09-23,,46200.61,46085.37,0,0.0305,B020,O0076,2024-01-28,Anthony,Scott,ebc40708a8e3e6dae1457a356a4687ff,1960-02-08,RET,3,MW,anthony.scott229@example.com,555-608-3370,160,3,,N,N,2024-01-31,2026-09-18 19:12:03
A00000450,C0000229,MTG,A,2022-12-10,,838951.5,838897.88,0,0.0616,B005,O0065,2023-12-22,Anthony,Scott,ebc40708a8e3e6dae1457a356a4687ff,1960-02-08,RET,3,MW,anthony.scott229@example.com,555-608-3370,13,40,,N,Y,2024-01-31,2026-09-18 19:12:03
A00000451,C0000230,SAV,A,2007-08-20,,69419.15,69199.6,0,0.0291,B011,O0005,2024-01-30,Richard,Allen,c5a79e0846d12d2f1c3a151af10f5bca,1978-10-11,RET,6,NE,richard.allen230@example.com,555-742-7712,197,1,,N,N,2024-01-31,2026-09-18 19:12:03
A00000452,C0000230,PERS,A,2017-04-07,,9809.69,9751.15,0,0.1475,B007,O0092,2024-01-28,Richard,Allen,c5a79e0846d12d2f1c3a151af10f5bca,1978-10-11,RET,6,NE,richard.allen230@example.com,555-742-7712,81,3,,N,N,2024-01-31,2026-09-18 19:12:03
A00000453,C0000231,CC,A,2008-04-10,,9247.51,5752.49,15000,0.2418,B032,O0008,2023-10-18,Andrew,Campbell,8aed6a094d69759774f13e6a7da9da49,1978-01-07,RET,2,SW,andrew.campbell231@example.com,555-417-6639,189,105,61.650066667,N,N,2024-01-31,2026-09-18 19:12:03
A00000454,C0000231,SAV,A,2008-11-08,,7777.39,7690.88,0,0.0296,B008,O0050,2023-10-04,Andrew,Campbell,8aed6a094d69759774f13e6a7da9da49,1978-01-07,RET,2,SW,andrew.campbell231@example.com,555-417-6639,182,119,,N,N,2024-01-31,2026-09-18 19:12:03
A00000455,C0000232,SAV,A,2021-05-09,,1321.28,1206.82,0,0.0314,B047,O0060,2024-01-25,Michelle,Martinez,cf72eae99022f5354aa49007627623db,1976-02-05,RET,2,MW,michelle.martinez232@example.com,555-897-5078,32,6,,N,N,2024-01-31,2026-09-18 19:12:03
A00000456,C0000232,PERS,A,2023-03-08,,6277.06,6190.75,0,0.153,B016,O0103,2023-12-31,Michelle,Martinez,cf72eae99022f5354aa49007627623db,1976-02-05,RET,2,MW,michelle.martinez232@example.com,555-897-5078,10,31,,N,N,2024-01-31,2026-09-18 19:12:03
A00000457,C0000233,SAV,A,2013-09-28,,379.81,140.92,0,0.0314,B048,O0041,2024-01-19,Barbara,Rivera,898a507405969f995ef473407b70565a,1984-03-12,RET,3,SW,barbara.rivera233@example.com,555-575-3495,124,12,,N,N,2024-01-31,2026-09-18 19:12:03
A00000458,C0000234,CHK,A,2014-06-24,,70941.12,70936.25,0,0.001,B048,O0097,2023-05-30,Steven,Davis,81447c88c749799b9157278e7ec95f1c,1948-12-18,RET,6,SE,steven.davis234@example.com,555-707-4281,115,246,,N,N,2024-01-31,2026-09-18 19:12:03
A00000459,C0000234,SAV,A,2017-10-02,,4062.91,3949.52,0,0.0352,B042,O0076,2023-10-07,Steven,Davis,81447c88c749799b9157278e7ec95f1c,1948-12-18,RET,6,SE,steven.davis234@example.com,555-707-4281,75,116,,N,N,2024-01-31,2026-09-18 19:12:03
A00000461,C0000236,LOC,A,2022-06-18,,4422.32,5577.68,10000,0.1285,B038,O0103,2024-01-02,Michael,Green,cc8b1b8eba595b8ae0910842fa3664d0,1986-07-08,RET,6,NE,michael.green236@example.com,555-630-7590,19,29,44.2232,N,N,2024-01-31,2026-09-18 19:12:03
A00000462,C0000236,CHK,A,2016-04-16,,42598.31,42558.5,0,0.0009,B015,O0075,2024-01-30,Michael,Green,cc8b1b8eba595b8ae0910842fa3664d0,1986-07-08,RET,6,NE,michael.green236@example.com,555-630-7590,93,1,,N,N,2024-01-31,2026-09-18 19:12:03
A00000463,C0000237,LOC,A,2016-01-09,,104337.23,0,100000,0.1119,B023,O0073,2024-01-24,Kenneth,Roberts,ffd6ae5238c4c0113716f6c7eec22110,1990-10-25,CORP,3,NE,kenneth.roberts237@example.com,555-249-7426,96,7,104.33723,N,N,2024-01-31,2026-09-18 19:12:03
A00000464,C0000237,LOC,A,2014-11-03,,20857.43,29142.57,50000,0.1106,B027,O0113,2024-01-24,Kenneth,Roberts,ffd6ae5238c4c0113716f6c7eec22110,1990-10-25,CORP,3,NE,kenneth.roberts237@example.com,555-249-7426,110,7,41.71486,N,N,2024-01-31,2026-09-18 19:12:03
A00000465,C0000238,MMA,A,2008-03-01,,9428.69,9326.7,0,0.0362,B009,O0030,2023-10-11,Michelle,Sanchez,a03b02a71c38f078878009fb59cc92fb,1972-10-11,RET,2,SW,michelle.sanchez238@example.com,555-560-9911,190,112,,N,N,2024-01-31,2026-09-18 19:12:03
A00000466,C0000238,CHK,A,2019-12-08,,26968.69,26824.57,0,0.001,B038,O0095,2024-01-24,Michelle,Sanchez,a03b02a71c38f078878009fb59cc92fb,1972-10-11,RET,2,SW,michelle.sanchez238@example.com,555-560-9911,49,7,,N,N,2024-01-31,2026-09-18 19:12:03
A00000467,C0000239,CC,A,2020-03-30,,7136.77,7863.23,15000,0.2273,B013,O0109,2024-01-19,Sandra,Green,7ff6e2b8753d6f692d7fccfe18f189e1,1966-03-27,RET,2,MW,sandra.green239@example.com,555-978-1263,46,12,47.578466667,N,N,2024-01-31,2026-09-18 19:12:03
A00000468,C0000240,CHK,A,2007-10-07,,7494.19,7346.7,0,0.0009,B002,O0094,2024-01-18,Thomas,Adams,18931c57d16c48e8e2d65f988b892263,1945-08-14,RET,3,SE,thomas.adams240@example.com,555-917-2831,195,13,,N,N,2024-01-31,2026-09-18 19:12:03
A00000469,C0000241,CC,A,2014-02-13,,845.83,2154.17,3000,0.2517,B039,O0043,2024-01-23,Michelle,Jackson,2a1f7b5327830b45cfc6a7d13f06c595,1982-06-26,CORP,3,SE,michelle.jackson241@example.com,555-210-4292,119,8,28.194333333,N,N,2024-01-31,2026-09-18 19:12:03
A00000470,C0000242,CC,D,2022-07-20,,809.23,4190.77,5000,0.1982,B011,O0106,2024-01-23,James,Jones,61066d9069e9bd806868dc9ab498a470,1972-06-14,PREM,3,SE,james.jones242@example.com,555-327-5111,18,8,16.1846,N,N,2024-01-31,2026-09-18 19:12:03
A00000471,C0000242,CD,A,2015-07-25,,22814.15,22695.97,0,0.0434,B039,O0014,2024-01-31,James,Jones,61066d9069e9bd806868dc9ab498a470,1972-06-14,PREM,3,SE,james.jones242@example.com,555-327-5111,102,0,,N,N,2024-01-31,2026-09-18 19:12:03
A00000472,C0000243,SAV,A,2021-08-22,,27368.4,27343.49,0,0.0334,B039,O0063,2024-01-26,Paul,Mitchell,10142cba9d4cfe5494700332328816c5,1983-08-30,RET,4,MW,paul.mitchell243@example.com,555-964-1720,29,5,,N,N,2024-01-31,2026-09-18 19:12:03
A00000473,C0000243,CHK,A,2013-08-22,,22885.21,22697.67,0,0.001,B048,O0075,2024-01-22,Paul,Mitchell,10142cba9d4cfe5494700332328816c5,1983-08-30,RET,4,MW,paul.mitchell243@example.com,555-964-1720,125,9,,N,N,2024-01-31,2026-09-18 19:12:03
A00000474,C0000244,CC,A,2008-02-22,,1215.09,1784.91,3000,0.2347,B046,O0074,2024-01-20,Margaret,Miller,451916c36f852e120c669a8d77be8eaa,1983-04-21,SMB,2,NE,margaret.miller244@example.com,555-799-4537,191,11,40.503,N,N,2024-01-31,2026-09-18 19:12:03
A00000475,C0000245,CC,A,2007-09-26,,378.52,1121.48,1500,0.2015,B032,O0031,2022-01-08,Margaret,Hill,1d46f83dd73d2765f0d4bc50241e9cd0,2002-11-06,PREM,6,NE,margaret.hill245@example.com,555-373-2284,196,753,25.234666667,Y,N,2024-01-31,2026-09-18 19:12:03
A00000476,C0000245,MTG,A,2012-04-20,,90100.9,90036.92,0,0.0685,B020,O0077,2024-01-29,Margaret,Hill,1d46f83dd73d2765f0d4bc50241e9cd0,2002-11-06,PREM,6,NE,margaret.hill245@example.com,555-373-2284,141,2,,N,N,2024-01-31,2026-09-18 19:12:03
A00000477,C0000245,IRA,A,2017-10-05,,76980.41,76934.44,0,0.0453,B019,O0035,2023-09-27,Margaret,Hill,1d46f83dd73d2765f0d4bc50241e9cd0,2002-11-06,PREM,6,NE,margaret.hill245@example.com,555-373-2284,75,126,,N,N,2024-01-31,2026-09-18 19:12:03
A00000478,C0000245,CC,A,2008-08-05,,5913.77,9086.23,15000,0.2262,B047,O0046,2024-01-27,Margaret,Hill,1d46f83dd73d2765f0d4bc50241e9cd0,2002-11-06,PREM,6,NE,margaret.hill245@example.com,555-373-2284,185,4,39.425133333,N,N,2024-01-31,2026-09-18 19:12:03
A00000479,C0000246,CHK,A,2008-06-22,,487.54,291.55,0,0.0009,B020,O0043,2022-02-24,Anthony,Wright,3314c70b1e382ff564dc4f11c336805c,1976-02-17,RET,3,W,anthony.wright246@example.com,555-645-3346,187,706,,Y,N,2024-01-31,2026-09-18 19:12:03
A00000480,C0000246,MTG,A,2008-10-31,,288152.94,288111.41,0,0.068,B026,O0048,2021-11-27,Anthony,Wright,3314c70b1e382ff564dc4f11c336805c,1976-02-17,RET,3,W,anthony.wright246@example.com,555-645-3346,183,795,,Y,Y,2024-01-31,2026-09-18 19:12:03
A00000482,C0000247,HELC,F,2011-05-24,,19629.49,230370.51,250000,0.091,B008,O0114,2024-01-27,Robert,Hill,466dfca0295d383174538fb14932e261,1998-09-19,RET,3,SW,robert.hill247@example.com,555-394-8005,152,4,7.851796,N,N,2024-01-31,2026-09-18 19:12:03
A00000483,C0000248,MTG,A,2022-11-13,,200525.74,200467.49,0,0.0677,B021,O0037,2023-10-31,Margaret,Campbell,1dd8affb07b52265336a12b3943d2b14,1973-06-26,PB,2,SW,margaret.campbell248@example.com,555-632-4358,14,92,,N,N,2024-01-31,2026-09-18 19:12:03
A00000484,C0000248,SAV,A,2022-07-26,,3103.51,3061.52,0,0.0363,B028,O0007,2022-07-26,Margaret,Campbell,1dd8affb07b52265336a12b3943d2b14,1973-06-26,PB,2,SW,margaret.campbell248@example.com,555-632-4358,18,554,,Y,N,2024-01-31,2026-09-18 19:12:03
A00000485,C0000249,CHK,A,2016-03-08,,94926.65,94720.91,0,0.0009,B045,O0071,2023-02-11,Joshua,Smith,0c7f7f4be0154617156e0022c911eadb,1980-05-01,RET,2,MW,joshua.smith249@example.com,555-501-4222,94,354,,N,N,2024-01-31,2026-09-18 19:12:03
A00000486,C0000249,MMA,A,2021-04-11,,-1180.17,0,0,0.0383,B035,O0067,2024-01-18,Joshua,Smith,0c7f7f4be0154617156e0022c911eadb,1980-05-01,RET,2,MW,joshua.smith249@example.com,555-501-4222,33,13,,N,N,2024-01-31,2026-09-18 19:12:03
A00000487,C0000250,CHK,D,2011-12-10,,2428.81,2390.65,0,0.0009,B035,O0072,2023-10-23,Lisa,Miller,dd23820dcadf237667ad255d75368cc9,1976-12-16,PREM,2,MW,lisa.miller250@example.com,555-904-6059,145,100,,N,N,2024-01-31,2026-09-18 19:12:03
